client_id	path	sentence	up_votes	down_votes	age	gender	accent	locale	segment
5ef5f22c4f42796ad8423a1eeb2056b59016ca9a6695e04652e714b9ccc9508a80fa55c49c90c9a712f20da3ffdc41eceec215c8fb643a47aae8dddabd587f9b	common_voice_pa-IN_23337833.mp3	ਹਵਾਲਾਤ ਵਿੱਚ ਪੰਜ ਛੇ ਇਖ਼ਲਾਕੀ ਮੁਜਰਮ ਸਨ	2	0				pa-IN	
952823333cf51dd23a421baa3e6341b90a785c14c3f8e4bd90bb897cf00700002cad413843cbdcba012115f290f0de464a00172f15eb066613cc7a7148c72b64	common_voice_pa-IN_22792459.mp3	ਮੈਂ ਇਹ ਪੈਸੇ ਲੈਣੇ ਨਹੀਂ ਸੀ ਚਾਹੁੰਦਾ	2	1				pa-IN	
4b6760b283919cbcc1b312ac20082091c1d84cc98867714aabfd65fc29af71f3089424b3361a318f1123f1ccdf03bcd794f206788c3ed675eb44cecf1ef2db1e	common_voice_pa-IN_22929905.mp3	ਤੁਹਾਡਾ ਚਿਹਰਾ ਮੱਖਣ ਵਾਂਗ ਮੁਲਾਇਮ ਹੋ ਜਾਵੇਗਾ	2	0				pa-IN	
4b6760b283919cbcc1b312ac20082091c1d84cc98867714aabfd65fc29af71f3089424b3361a318f1123f1ccdf03bcd794f206788c3ed675eb44cecf1ef2db1e	common_voice_pa-IN_22929907.mp3	ਕਲਸ਼ ਮੰਦਰਾਂ ਦੇ ਨਜ਼ਰ ਆਉਂਦੇ ਨੇ	2	1				pa-IN	
4b6760b283919cbcc1b312ac20082091c1d84cc98867714aabfd65fc29af71f3089424b3361a318f1123f1ccdf03bcd794f206788c3ed675eb44cecf1ef2db1e	common_voice_pa-IN_22929908.mp3	ਤੁਸੀਂ ਵੀ ਉਸ ਨੂੰ ਪੜ੍ਹਿਆ ਕਰੋ	2	0				pa-IN	
e7b741b8447cba0c0447acf0d51fdafebc0339a5b8a8532c5a760ee0ab904bd35c7ec21fa20673eb3b2ec06233e311c219579edfc5d673539a6381bbd281e0b7	common_voice_pa-IN_21917831.mp3	ਦੋਵੇਂ ਥੋੜ੍ਹੀ ਦੇਰ ਚੁੱਪ ਖਲੋਤੇ ਰਹੇ	2	1				pa-IN	
e7b741b8447cba0c0447acf0d51fdafebc0339a5b8a8532c5a760ee0ab904bd35c7ec21fa20673eb3b2ec06233e311c219579edfc5d673539a6381bbd281e0b7	common_voice_pa-IN_21917832.mp3	ਬਲਵੰਤ ਉਸ ਤੋਂ ਤਿੰਨ ਸਾਲ ਛੋਟਾ ਹੈ	2	0				pa-IN	
e7b741b8447cba0c0447acf0d51fdafebc0339a5b8a8532c5a760ee0ab904bd35c7ec21fa20673eb3b2ec06233e311c219579edfc5d673539a6381bbd281e0b7	common_voice_pa-IN_21917833.mp3	ਅੱਜ ਉਹਨਾਂ ਦੀ ਜਾਇਦਾਦ ਦੀ ਜਾਂਚ ਹੋਵੇ	2	0				pa-IN	
0d74a2a11ad64bfbf7d80cf34e724ff98e28fda9d74057f8a9cc8f57306175d26939c0d6a281966f65f84f1c86a18df4a19a1c9922069b264f12cb9e765b4c47	common_voice_pa-IN_23007454.mp3	ਇਹ ਰੁਪੈ ਵੀ ਹੌਲੀ ਹੌਲੀ ਕਿਰਦੇ ਗਏ	2	0				pa-IN	
0d74a2a11ad64bfbf7d80cf34e724ff98e28fda9d74057f8a9cc8f57306175d26939c0d6a281966f65f84f1c86a18df4a19a1c9922069b264f12cb9e765b4c47	common_voice_pa-IN_23007480.mp3	ਤੇਰਾ ਜੀਅ ਕਰੇ ਪਿੰਡੋਂ ਮੁੜ ਆਈਂ	2	0				pa-IN	
0d74a2a11ad64bfbf7d80cf34e724ff98e28fda9d74057f8a9cc8f57306175d26939c0d6a281966f65f84f1c86a18df4a19a1c9922069b264f12cb9e765b4c47	common_voice_pa-IN_23007482.mp3	ਗੀਤ ਖ਼ੁਸ਼ੀ ਦੇ ਤਾਂ ਗਾਉਂਦੇ ਨੇ	2	0				pa-IN	
0d74a2a11ad64bfbf7d80cf34e724ff98e28fda9d74057f8a9cc8f57306175d26939c0d6a281966f65f84f1c86a18df4a19a1c9922069b264f12cb9e765b4c47	common_voice_pa-IN_23007483.mp3	ਤਿੰਨ ਮੰਤਰੀਆਂ ਦਾ ਦਰਜਾ ਵਧਾ ਦਿੱਤਾ ਹੈ	2	0				pa-IN	
25c1d04b50cee236ac83edbf68004e14d84b9c09c8bab3bfd969f150bae687a1be9e700b9c3fa6d474e5c8d23561ce3d67e5e7911880caeb00433ef79f09ce4d	common_voice_pa-IN_21717904.mp3	ਉਨ੍ਹਾਂ ਨੇ ਸਾਰੇ ਤਜ਼ਰਬੇ ਵੱਖਰੀ ਕਿਸਮ ਦੇ ਕੀਤੇ ਹਨ	2	0				pa-IN	
25c1d04b50cee236ac83edbf68004e14d84b9c09c8bab3bfd969f150bae687a1be9e700b9c3fa6d474e5c8d23561ce3d67e5e7911880caeb00433ef79f09ce4d	common_voice_pa-IN_21717905.mp3	ਸ਼ਹਿਰਾਂ ਗਲੀਆਂ ਵਿਚ ਸਾਰੇ ਲਿਖਵਾ ਦਿਆਂ	2	0				pa-IN	
25c1d04b50cee236ac83edbf68004e14d84b9c09c8bab3bfd969f150bae687a1be9e700b9c3fa6d474e5c8d23561ce3d67e5e7911880caeb00433ef79f09ce4d	common_voice_pa-IN_21717907.mp3	ਜੰਗ ਵਿਆਂ ਵਿੱਚ ਲੜੀ ਗਈ	2	1				pa-IN	
25c1d04b50cee236ac83edbf68004e14d84b9c09c8bab3bfd969f150bae687a1be9e700b9c3fa6d474e5c8d23561ce3d67e5e7911880caeb00433ef79f09ce4d	common_voice_pa-IN_21717908.mp3	ਧਰਮ ਦੇ ਨਾਂ ਤੇ ਦੇਸ਼ ਦੀ ਵੰਡ	2	0				pa-IN	
91304a2e9b4a8e1c637d5e49ac5cc496631af687f2ea06703a75e0ae5b6acd0e09b9dc16e758ce815f165f5d838f454553eb9561fca47c1ed71f92f87531eaf3	common_voice_pa-IN_22475184.mp3	ਇਹ ਉਸ ਦਾ ਨਿਵੇਸ਼ ਹੁੰਦਾ ਹੈ	2	0				pa-IN	
91304a2e9b4a8e1c637d5e49ac5cc496631af687f2ea06703a75e0ae5b6acd0e09b9dc16e758ce815f165f5d838f454553eb9561fca47c1ed71f92f87531eaf3	common_voice_pa-IN_22475187.mp3	ਜਿਹੜੇ ਸਾਰੇ ਹੀ ਝੂਠੇ ਸਨ	2	0				pa-IN	
91304a2e9b4a8e1c637d5e49ac5cc496631af687f2ea06703a75e0ae5b6acd0e09b9dc16e758ce815f165f5d838f454553eb9561fca47c1ed71f92f87531eaf3	common_voice_pa-IN_22475189.mp3	ਪਹਿਲਾਂ ਰਿਸ਼ਤੇਦਾਰਾਂ ਦੋਸਤਾ ਦੀ ਮੱਦਦ ਲਵੋ	2	0				pa-IN	
91304a2e9b4a8e1c637d5e49ac5cc496631af687f2ea06703a75e0ae5b6acd0e09b9dc16e758ce815f165f5d838f454553eb9561fca47c1ed71f92f87531eaf3	common_voice_pa-IN_22475190.mp3	ਮੇਰੇ ਇੱਕ ਸਿੰਗੇ ਵਰਗਾ ਕਰ ਲੈ	2	1				pa-IN	
5533a12413f4e5818a3a2799d8d4ac492c60363a2615ef39d6b377f21701cde5cbef34987411b9acf1550e87b5ba0a4dd692d4393a783dc5611d54fe7a782b72	common_voice_pa-IN_22771267.mp3	ਇਸ ਨੂੰ ਬਰਦਾਸ਼ਤ ਨਹੀਂ ਕੀਤਾ ਜਾਵੇਗਾ	2	0				pa-IN	
5533a12413f4e5818a3a2799d8d4ac492c60363a2615ef39d6b377f21701cde5cbef34987411b9acf1550e87b5ba0a4dd692d4393a783dc5611d54fe7a782b72	common_voice_pa-IN_22771268.mp3	ਜਿੰਦੇ ਨੀ ਕੀ ਸਾਕ ਸਹੇੜੇ	2	0				pa-IN	
5533a12413f4e5818a3a2799d8d4ac492c60363a2615ef39d6b377f21701cde5cbef34987411b9acf1550e87b5ba0a4dd692d4393a783dc5611d54fe7a782b72	common_voice_pa-IN_22771269.mp3	ਉਥੇ ਸਿੱਖ ਖਿਡਾਰੀਆਂ ਨੇ ਗੋਲ ਦਾਗੇ ਸਨ	2	1				pa-IN	
5533a12413f4e5818a3a2799d8d4ac492c60363a2615ef39d6b377f21701cde5cbef34987411b9acf1550e87b5ba0a4dd692d4393a783dc5611d54fe7a782b72	common_voice_pa-IN_22771270.mp3	ਦੋਸਤ ਨੂੰ ਫੋਨ ਕਰਕੇ ਬੁਲਾਉਣਾ ਐ	2	0				pa-IN	
5533a12413f4e5818a3a2799d8d4ac492c60363a2615ef39d6b377f21701cde5cbef34987411b9acf1550e87b5ba0a4dd692d4393a783dc5611d54fe7a782b72	common_voice_pa-IN_22771271.mp3	ਦਸੇ ਜ਼ੌਹਰ ਸੀ ਉਨ੍ਹਾਂ ਜਵਾਨੀਆਂ ਨੇ	2	1				pa-IN	
651385458feae8de0192eebaa405cd6ddc37fb6cc77bbd261b4abef913c21dcd023bac100fe83f0e242f957d84c5a96271452a15ccea0f1650c4d9d4a0a4ee7e	common_voice_pa-IN_22475191.mp3	ਹੱਟੀ ਅੰਦਰ ਬੈਠਾ ਉਹ ਚਕਰਾ ਜਿਹਾ ਗਿਆ	2	0	thirties	male		pa-IN	
651385458feae8de0192eebaa405cd6ddc37fb6cc77bbd261b4abef913c21dcd023bac100fe83f0e242f957d84c5a96271452a15ccea0f1650c4d9d4a0a4ee7e	common_voice_pa-IN_22475192.mp3	ਇਹ ਸਤ੍ਹਾ ਦੇ ਵਾਲਾਂ ਨੂੰ ਢੱਕ ਲੈਂਦੀਆਂ ਹਨ	2	0	thirties	male		pa-IN	
651385458feae8de0192eebaa405cd6ddc37fb6cc77bbd261b4abef913c21dcd023bac100fe83f0e242f957d84c5a96271452a15ccea0f1650c4d9d4a0a4ee7e	common_voice_pa-IN_22475193.mp3	ਲੋਕ ਕੰਮ ਛੱਡ ਕੇ ਚਲੇ ਗਏ ਹਨ	2	0	thirties	male		pa-IN	
651385458feae8de0192eebaa405cd6ddc37fb6cc77bbd261b4abef913c21dcd023bac100fe83f0e242f957d84c5a96271452a15ccea0f1650c4d9d4a0a4ee7e	common_voice_pa-IN_22475194.mp3	ਅਸੀਂ ਦੁੱਧ ਪੀਣ ਨੂੰ ਤਰਸ ਜਾਂਦੇ	2	0	thirties	male		pa-IN	
651385458feae8de0192eebaa405cd6ddc37fb6cc77bbd261b4abef913c21dcd023bac100fe83f0e242f957d84c5a96271452a15ccea0f1650c4d9d4a0a4ee7e	common_voice_pa-IN_22475195.mp3	ਇਹ ਟੈਲੀਫੋਨ ਕਾਲਾਂ ਤਿੰਨ ਪ੍ਰਕਾਰ ਦੀਆਂ ਸਨ	2	0	thirties	male		pa-IN	
d575702c33b0a1d74814d72fa425ed775ecf7dfdfa613f320feff6845f361e84ef8a5f1644de5024753a48201b660ee94c5d47d3796c848f6835ed3fec158800	common_voice_pa-IN_23122743.mp3	ਇਹ ਬਹੁਤ ਮਹਾਨ ਪੰਥਕ ਸੇਵਾ ਹੈ	2	0				pa-IN	
d575702c33b0a1d74814d72fa425ed775ecf7dfdfa613f320feff6845f361e84ef8a5f1644de5024753a48201b660ee94c5d47d3796c848f6835ed3fec158800	common_voice_pa-IN_23122748.mp3	ਲਿਖ ਕੇ ਵਿਚਾਰ ਤੁਹਾਨੂੰ ਦੇ ਸਕਣ	2	0				pa-IN	
d575702c33b0a1d74814d72fa425ed775ecf7dfdfa613f320feff6845f361e84ef8a5f1644de5024753a48201b660ee94c5d47d3796c848f6835ed3fec158800	common_voice_pa-IN_23122966.mp3	ਉਂਝ ਅਸੀਂ ਬਹੁਤ ਤਰੱਕੀ ਕਰ ਲਈ ਹੈ	2	0				pa-IN	
d575702c33b0a1d74814d72fa425ed775ecf7dfdfa613f320feff6845f361e84ef8a5f1644de5024753a48201b660ee94c5d47d3796c848f6835ed3fec158800	common_voice_pa-IN_23122967.mp3	ਕੋਈ ਉਸਦੀ ਪਿੱਠ ਨੂੰ ਚੁੰਮਦੀ ਹੈ	2	1				pa-IN	
d575702c33b0a1d74814d72fa425ed775ecf7dfdfa613f320feff6845f361e84ef8a5f1644de5024753a48201b660ee94c5d47d3796c848f6835ed3fec158800	common_voice_pa-IN_23122969.mp3	ਪ੍ਰੋਫੈਸ਼ਨ ਕੋਈ ਵੀ ਹੋਵੇ ਮਿਹਨਤ ਜ਼ਰੂਰੀ ਹੈ	2	0				pa-IN	
3511a4df0d8eaa407a9eac54cdee5a6de9efe33a9d18f6f6bb7d27e6dd009ba22cb885c237df25fc3c7cfc86f24b9bd672266d26e76fa7256681f219541656ed	common_voice_pa-IN_22929549.mp3	ਪੂਲ ਬੀ ਟੀਮਾਂ ਦੀ ਠਹਿਰ ਜਲੰਧਰ	2	0				pa-IN	
3511a4df0d8eaa407a9eac54cdee5a6de9efe33a9d18f6f6bb7d27e6dd009ba22cb885c237df25fc3c7cfc86f24b9bd672266d26e76fa7256681f219541656ed	common_voice_pa-IN_22929550.mp3	ਆਓ ਨਜ਼ਰ ਮਾਰਦੇ ਹਾਂ ਇਨ੍ਹਾਂ ਬੁਰੀਆਂ ਆਦਤਾਂ ਤੇ	2	0				pa-IN	
3511a4df0d8eaa407a9eac54cdee5a6de9efe33a9d18f6f6bb7d27e6dd009ba22cb885c237df25fc3c7cfc86f24b9bd672266d26e76fa7256681f219541656ed	common_voice_pa-IN_22929552.mp3	ਪਰ ਕਾਕੂ ਸਮਝਦਾ ਸੀ ਕਿ ਇਹ ਹਰ ਵਾਰ ਦੀ ਤਰ੍ਹਾਂ ਇਕ ਬਹਾਨਾ ਹੀ ਹੈ	2	0				pa-IN	
3511a4df0d8eaa407a9eac54cdee5a6de9efe33a9d18f6f6bb7d27e6dd009ba22cb885c237df25fc3c7cfc86f24b9bd672266d26e76fa7256681f219541656ed	common_voice_pa-IN_22929561.mp3	ਕਦੇ ਖੇਡਦਾ ਸਾਂ ਅੰਬਰੀਂ ਚੰਦ ਨਾਲ	2	0				pa-IN	
3511a4df0d8eaa407a9eac54cdee5a6de9efe33a9d18f6f6bb7d27e6dd009ba22cb885c237df25fc3c7cfc86f24b9bd672266d26e76fa7256681f219541656ed	common_voice_pa-IN_22929563.mp3	ਸਰਕੋਜ਼ੀ ਦੂਸਰੇ ਨੰਬਰ ਤੇ ਚੱਲ ਰਹੇ ਹਨ	2	0				pa-IN	
3511a4df0d8eaa407a9eac54cdee5a6de9efe33a9d18f6f6bb7d27e6dd009ba22cb885c237df25fc3c7cfc86f24b9bd672266d26e76fa7256681f219541656ed	common_voice_pa-IN_22929564.mp3	ਲੋਕਾਂ ਦੇ ਫਤਵੇ ਨੇ ਵਧਾਈਆਂ ਚੁਣੌਤੀਆਂ	2	0				pa-IN	
3511a4df0d8eaa407a9eac54cdee5a6de9efe33a9d18f6f6bb7d27e6dd009ba22cb885c237df25fc3c7cfc86f24b9bd672266d26e76fa7256681f219541656ed	common_voice_pa-IN_22929565.mp3	ਰਾਤ ਵੇਲੇ ਦੋਵੇਂ ਪਾਸੇ ਲਾਈਨਰ ਲਗਾਓ	2	0				pa-IN	
473bb9124ec5f007f2cb82b0bc2165b76ae59fcaedbc20dd880354313d7c0392311744e096f974eaf54229a3d39a1db300e277146e0e3d5dd5033ca27ae1dac5	common_voice_pa-IN_22723279.mp3	ਛੋਟਿਆਂ ਦੀਆਂ ਗੱਲਾਂ ਵੱਲ ਧਿਆਨ ਨਾ ਦਿਓ	2	0	twenties	male		pa-IN	
473bb9124ec5f007f2cb82b0bc2165b76ae59fcaedbc20dd880354313d7c0392311744e096f974eaf54229a3d39a1db300e277146e0e3d5dd5033ca27ae1dac5	common_voice_pa-IN_22723280.mp3	ਇਹ ਜੰਗਾਂ ਅਫਗਾਨਿਸਤਾਨ ਤੇ ਇਰਾਕ ਦੀਆਂ ਸਨ	2	1	twenties	male		pa-IN	
473bb9124ec5f007f2cb82b0bc2165b76ae59fcaedbc20dd880354313d7c0392311744e096f974eaf54229a3d39a1db300e277146e0e3d5dd5033ca27ae1dac5	common_voice_pa-IN_22723289.mp3	ਜ਼ਰੂਰੀ ਕੰਮਾਂ ਵਿਚ ਉਸ ਦੀ ਸਲਾਹ ਲਓ	2	1	twenties	male		pa-IN	
473bb9124ec5f007f2cb82b0bc2165b76ae59fcaedbc20dd880354313d7c0392311744e096f974eaf54229a3d39a1db300e277146e0e3d5dd5033ca27ae1dac5	common_voice_pa-IN_22723290.mp3	ਉਸਨੇ ਸਿਟੀ ਕੌਂਸਲ ਦਾ ਪੈਸਾ ਵਿਅਰਥ ਕੀਤਾ	2	0	twenties	male		pa-IN	
473bb9124ec5f007f2cb82b0bc2165b76ae59fcaedbc20dd880354313d7c0392311744e096f974eaf54229a3d39a1db300e277146e0e3d5dd5033ca27ae1dac5	common_voice_pa-IN_22723291.mp3	ਉਸਨੂੰ ਕੰਮ ਕਾਰ ਤਾਂ ਹੈ ਕੋਈ ਨਹੀਂ ਸੀ	2	0	twenties	male		pa-IN	
473bb9124ec5f007f2cb82b0bc2165b76ae59fcaedbc20dd880354313d7c0392311744e096f974eaf54229a3d39a1db300e277146e0e3d5dd5033ca27ae1dac5	common_voice_pa-IN_22723292.mp3	ਉਹ ਕਹਿ ਰਿਹਾ ਸੀ… ਤੜਕੇ ਪਹਿਲੀ ਬੱਸ ਤੇ ਸ਼ਹਿਰ ਜਾਣ ਲਈ	2	1	twenties	male		pa-IN	
473bb9124ec5f007f2cb82b0bc2165b76ae59fcaedbc20dd880354313d7c0392311744e096f974eaf54229a3d39a1db300e277146e0e3d5dd5033ca27ae1dac5	common_voice_pa-IN_22723293.mp3	ਕੁਝ ਸਮਾਂ ਸੁਖਵਿੰਦਰ ਨੇ ਵੀ ਕੁਮੈਂਟਰੀ ਕੀਤੀ	2	1	twenties	male		pa-IN	
efa810e9cb29c12d387ae767fb75906616e47dc9eaac98deb048681d851e07b7cbae8eca31e4301954aad30d9105a0fb0775d39ae93187da1cb46e52aa53660d	common_voice_pa-IN_22929460.mp3	ਸ਼ਾਇਰਾ ਨੀਟਾ ਇੱਕ ਔਰਤ ਵੀ ਹੈ	2	1				pa-IN	
efa810e9cb29c12d387ae767fb75906616e47dc9eaac98deb048681d851e07b7cbae8eca31e4301954aad30d9105a0fb0775d39ae93187da1cb46e52aa53660d	common_voice_pa-IN_22929462.mp3	ਸਾਡੀ ਬਹੁਤ ਵਾਰ ਤੂੰ ਤੂੰ ਮੈਂ ਮੈਂ ਵੀ ਹੋਈ	2	0				pa-IN	
efa810e9cb29c12d387ae767fb75906616e47dc9eaac98deb048681d851e07b7cbae8eca31e4301954aad30d9105a0fb0775d39ae93187da1cb46e52aa53660d	common_voice_pa-IN_22929465.mp3	ਥੋੜ੍ਹੇ ਵੱਡੇ ਘੇਰੇ ਵਾਲੇ ਸੂਟ ਪਾਉਣੇ ਚਾਹੀਦੇ ਹਨ	2	0				pa-IN	
efa810e9cb29c12d387ae767fb75906616e47dc9eaac98deb048681d851e07b7cbae8eca31e4301954aad30d9105a0fb0775d39ae93187da1cb46e52aa53660d	common_voice_pa-IN_22929467.mp3	ਡਰਾਇਵਿੰਗ ਦੇ ਨਿਯਮ ਬਹੁਤ ਸਖ਼ਤ ਹਨ	2	0				pa-IN	
efa810e9cb29c12d387ae767fb75906616e47dc9eaac98deb048681d851e07b7cbae8eca31e4301954aad30d9105a0fb0775d39ae93187da1cb46e52aa53660d	common_voice_pa-IN_22929476.mp3	ਇਸ ਵਿੱਚ ਹਰ ਉਮਰ ਦੀਆਂ ਬੀਬੀਆਂ ਸ਼ਾਮਲ ਸਨ	2	0				pa-IN	
efa810e9cb29c12d387ae767fb75906616e47dc9eaac98deb048681d851e07b7cbae8eca31e4301954aad30d9105a0fb0775d39ae93187da1cb46e52aa53660d	common_voice_pa-IN_22929477.mp3	ਸਾਰਾ ਦਿਨ ਮੀਂਹ ਵਰਦਾ ਰਿਹਾ	2	1				pa-IN	
efa810e9cb29c12d387ae767fb75906616e47dc9eaac98deb048681d851e07b7cbae8eca31e4301954aad30d9105a0fb0775d39ae93187da1cb46e52aa53660d	common_voice_pa-IN_22929478.mp3	ਜਪਾਨ ਵਿਚ ਸਰਦੀ ਦਾ ਮੌਸਮ ਹੈ	2	1				pa-IN	
4cafbe8fbc1677fd85c367b10951916f5beccbd68f8cbb457c49f99859174a83111412f3da4d12c0e0cc3d691e81e6703595be312573237ac1c35f4ada4b21c6	common_voice_pa-IN_23337850.mp3	ਮਲਬਾ ਤਾਂ ਮੈਂ ਢੋਅ ਰਹੀ ਆਂ	2	0	thirties	male		pa-IN	
4cafbe8fbc1677fd85c367b10951916f5beccbd68f8cbb457c49f99859174a83111412f3da4d12c0e0cc3d691e81e6703595be312573237ac1c35f4ada4b21c6	common_voice_pa-IN_23337894.mp3	ਸਤਿਗੁਰ ਵਾਲਾ ਮੁਖਤ ਹਮੇਸ਼ਾ ਜੀ ਸਤਿਗੁਰ ਆਵੇ ਜਾਵੇ	2	0	thirties	male		pa-IN	
4cafbe8fbc1677fd85c367b10951916f5beccbd68f8cbb457c49f99859174a83111412f3da4d12c0e0cc3d691e81e6703595be312573237ac1c35f4ada4b21c6	common_voice_pa-IN_23337897.mp3	ਹਾਰ ਸ਼ਿੰਗਾਰ ਔਰਤ ਦਾ ਗਹਿਣਾ ਮੰਨਿਆ ਜਾਂਦਾ ਹੈ	2	0	thirties	male		pa-IN	
4cafbe8fbc1677fd85c367b10951916f5beccbd68f8cbb457c49f99859174a83111412f3da4d12c0e0cc3d691e81e6703595be312573237ac1c35f4ada4b21c6	common_voice_pa-IN_23337909.mp3	ਸੈਂਕੜੇ ਟਰਾਫੀਆਂ ਮਹਿਮਾਨਾਂ ਦੇ ਮਾਣ ਸਨਮਾਨ	2	0	thirties	male		pa-IN	
4cafbe8fbc1677fd85c367b10951916f5beccbd68f8cbb457c49f99859174a83111412f3da4d12c0e0cc3d691e81e6703595be312573237ac1c35f4ada4b21c6	common_voice_pa-IN_23337915.mp3	ਜ਼ਿੰਦਗੀ ਯੂੰ ਹੀ ਤਮਾਮ ਹੋਤੀ ਹੈ	2	0	thirties	male		pa-IN	
4cafbe8fbc1677fd85c367b10951916f5beccbd68f8cbb457c49f99859174a83111412f3da4d12c0e0cc3d691e81e6703595be312573237ac1c35f4ada4b21c6	common_voice_pa-IN_23338003.mp3	ਪਰ ਉਹ ਕੁੱਝ ਨਹੀਂ ਸੀ ਸੁਣਦਾ ਹੁੰਦਾ	2	0	thirties	male		pa-IN	
4cafbe8fbc1677fd85c367b10951916f5beccbd68f8cbb457c49f99859174a83111412f3da4d12c0e0cc3d691e81e6703595be312573237ac1c35f4ada4b21c6	common_voice_pa-IN_23338037.mp3	ਕਿਸੇ ਨਾਲ ਧੋਖਾ ਕਮਾਵੋ ਜ਼ਰਾ ਨਾ	2	0	thirties	male		pa-IN	
4cafbe8fbc1677fd85c367b10951916f5beccbd68f8cbb457c49f99859174a83111412f3da4d12c0e0cc3d691e81e6703595be312573237ac1c35f4ada4b21c6	common_voice_pa-IN_23338039.mp3	ਉਸਦੀ ਯਾਦ ਦਾ ਹੀ ਇੰਨਾਂ ਸਹਾਰਾ ਹੈ	2	0	thirties	male		pa-IN	
4cafbe8fbc1677fd85c367b10951916f5beccbd68f8cbb457c49f99859174a83111412f3da4d12c0e0cc3d691e81e6703595be312573237ac1c35f4ada4b21c6	common_voice_pa-IN_23338077.mp3	ਉਸ ਰੁਮਾਲ ਵਿਚ ਕਈ ਗੰਢਾਂ ਸਨ	2	0	thirties	male		pa-IN	
4cafbe8fbc1677fd85c367b10951916f5beccbd68f8cbb457c49f99859174a83111412f3da4d12c0e0cc3d691e81e6703595be312573237ac1c35f4ada4b21c6	common_voice_pa-IN_23338112.mp3	ਉਹ ਆਪਣੀ ਕਾਰਵਾਈ ਕਰਕੇ ਚਲੇ ਗਏ	2	0	thirties	male		pa-IN	
fdf3a087da4620a92acb4f49c65e90ac384c9e93c739e79f2088be0c97406e7b4dad2497957c58c632fb394eb6338e9f41aab06125ce2f1d701d1e40aafec697	common_voice_pa-IN_21917694.mp3	ਅੱਜ ਦੇ ਇਸ ਇਕੱਠ ਨੇ	2	0	fifties	male		pa-IN	
fdf3a087da4620a92acb4f49c65e90ac384c9e93c739e79f2088be0c97406e7b4dad2497957c58c632fb394eb6338e9f41aab06125ce2f1d701d1e40aafec697	common_voice_pa-IN_21917695.mp3	ਕਹਿੰਦਾ ਸੀ ਮੁੰਡਾ ਨਕਸਲਬਾੜੀਆਂ ਚ ਹੈ	2	0	fifties	male		pa-IN	
fdf3a087da4620a92acb4f49c65e90ac384c9e93c739e79f2088be0c97406e7b4dad2497957c58c632fb394eb6338e9f41aab06125ce2f1d701d1e40aafec697	common_voice_pa-IN_21917696.mp3	ਸੈਲਜ਼ ਦਾ ਮਤਲਬ ਹੈ ਸਟ੍ਰੈਟੇਜੀਜ਼ ਫਾਰ ਨੈਗਲੀਜ਼ੇਬਲ ਸੈਨੇਸੈਂਸ	2	1	fifties	male		pa-IN	
fdf3a087da4620a92acb4f49c65e90ac384c9e93c739e79f2088be0c97406e7b4dad2497957c58c632fb394eb6338e9f41aab06125ce2f1d701d1e40aafec697	common_voice_pa-IN_21917697.mp3	ਦੁਪਹਿਰ ਜਾਂ ਸ਼ਾਮ ਨੂੰ ਝਪਕੀਆਂ ਨਾ ਲਓ	2	0	fifties	male		pa-IN	
fdf3a087da4620a92acb4f49c65e90ac384c9e93c739e79f2088be0c97406e7b4dad2497957c58c632fb394eb6338e9f41aab06125ce2f1d701d1e40aafec697	common_voice_pa-IN_21917698.mp3	ਮੇਰੇ ਪਾਤਰ ਆਪਣੀ ਰਵਾਇਤੀ ਭਾਸ਼ਾ ਬੋਲਦੇ ਹਨ	2	0	fifties	male		pa-IN	
fdf3a087da4620a92acb4f49c65e90ac384c9e93c739e79f2088be0c97406e7b4dad2497957c58c632fb394eb6338e9f41aab06125ce2f1d701d1e40aafec697	common_voice_pa-IN_21917710.mp3	ਸਿਆਸਤਦਾਨਾਂ ਦਾ ਅੰਦਾਜ਼ ਹੈ	2	0	fifties	male		pa-IN	
fdf3a087da4620a92acb4f49c65e90ac384c9e93c739e79f2088be0c97406e7b4dad2497957c58c632fb394eb6338e9f41aab06125ce2f1d701d1e40aafec697	common_voice_pa-IN_21917711.mp3	ਧੀ ਵੀ ਅੜੀਅਲ ਹੋ ਜਾਂਦੀ	2	1	fifties	male		pa-IN	
fdf3a087da4620a92acb4f49c65e90ac384c9e93c739e79f2088be0c97406e7b4dad2497957c58c632fb394eb6338e9f41aab06125ce2f1d701d1e40aafec697	common_voice_pa-IN_21917714.mp3	ਉਹਦੀ ਬਾਹਰਲੇ ਕਲੱਬਾਂ ਨਾਲ ਅੱਟੀ ਸੱਟੀ ਸੀ	2	1	fifties	male		pa-IN	
fdf3a087da4620a92acb4f49c65e90ac384c9e93c739e79f2088be0c97406e7b4dad2497957c58c632fb394eb6338e9f41aab06125ce2f1d701d1e40aafec697	common_voice_pa-IN_21917718.mp3	ਸੰਗੀਤ ਸਾਡੀ ਜ਼ਿੰਦਗੀ ਲਈ ਇਕ ਸਾਥੀ ਵਾਂਗ ਹੈ	2	0	fifties	male		pa-IN	
fdf3a087da4620a92acb4f49c65e90ac384c9e93c739e79f2088be0c97406e7b4dad2497957c58c632fb394eb6338e9f41aab06125ce2f1d701d1e40aafec697	common_voice_pa-IN_21917724.mp3	ਬੱਚੇ ਭੁੱਖ ਨਾਲ ਬਿਲਕ ਰਹੇ ਹਨ ਮਾਂਬਾਪ ਕੋਲੋਂ ਦੇਖੇ ਨਹੀਂ ਜਾ ਰਹੇ	2	0	fifties	male		pa-IN	
fdf3a087da4620a92acb4f49c65e90ac384c9e93c739e79f2088be0c97406e7b4dad2497957c58c632fb394eb6338e9f41aab06125ce2f1d701d1e40aafec697	common_voice_pa-IN_21917727.mp3	ਕੈਨੇਡੀਅਨ ਕਾਰੋਬਾਰ ਵੀ ਵੱਧ ਰਿਹਾ ਸੀ	2	1	fifties	male		pa-IN	
fdf3a087da4620a92acb4f49c65e90ac384c9e93c739e79f2088be0c97406e7b4dad2497957c58c632fb394eb6338e9f41aab06125ce2f1d701d1e40aafec697	common_voice_pa-IN_21917739.mp3	ਹਮੇਸ਼ਾ ਕਮਰ ਸਿੱਧੀ ਕਰਕੇ ਹੀ ਬੈਠੋ	2	1	fifties	male		pa-IN	
fdf3a087da4620a92acb4f49c65e90ac384c9e93c739e79f2088be0c97406e7b4dad2497957c58c632fb394eb6338e9f41aab06125ce2f1d701d1e40aafec697	common_voice_pa-IN_21917740.mp3	ਜੋ ਤੁਸੀਂ ਖਾਂਦੇ ਓ ਤੁਸੀਂ ਓਹੀ ਓ	2	0	fifties	male		pa-IN	
fdf3a087da4620a92acb4f49c65e90ac384c9e93c739e79f2088be0c97406e7b4dad2497957c58c632fb394eb6338e9f41aab06125ce2f1d701d1e40aafec697	common_voice_pa-IN_21917741.mp3	ਮੀਂਹ ਕਣੀ ਨਾਲ ਸਾਰਾ ਸੁਆਦ ਮਾਰਿਆ ਜਾਂਦੈ	2	1	fifties	male		pa-IN	
636d5d7886b21b791e1ee9db54019745958ea967c24863fcb921e3108c9edc7d8dbe748904cb24e9fa6be4c9b20db3dfd48324dc826be01885b3f73b7bfd2a98	common_voice_pa-IN_22939294.mp3	ਦੇਖਦੇ ਰਹੋ ਇਹ ਮੈਚ ਪਿੱਛੋਂ ਫੇਰ ਕੇਲਿਆਂ ਸੇਬਾਂ ਤੇ ਬਰਫੀ ਨੂੰ ਪੈਣਗੇ	2	1	twenties	male		pa-IN	
636d5d7886b21b791e1ee9db54019745958ea967c24863fcb921e3108c9edc7d8dbe748904cb24e9fa6be4c9b20db3dfd48324dc826be01885b3f73b7bfd2a98	common_voice_pa-IN_22939295.mp3	ਪੈਸੰਜਰ ਟਰੇਨਾਂ ਦਾ ਵੀ ਪ੍ਰਸਤਾਵ ਹੈ	2	0	twenties	male		pa-IN	
636d5d7886b21b791e1ee9db54019745958ea967c24863fcb921e3108c9edc7d8dbe748904cb24e9fa6be4c9b20db3dfd48324dc826be01885b3f73b7bfd2a98	common_voice_pa-IN_22939296.mp3	ਗੱਲਬਾਤ ਵਾਕਈ ਬਹੁਤ ਲੰਬੀ ਹੋ ਗਈ ਸੀ	2	0	twenties	male		pa-IN	
636d5d7886b21b791e1ee9db54019745958ea967c24863fcb921e3108c9edc7d8dbe748904cb24e9fa6be4c9b20db3dfd48324dc826be01885b3f73b7bfd2a98	common_voice_pa-IN_22939310.mp3	ਤੂੰ ਆਪਣੇ ਆਪ ਨੂੰ ਨੀਵਾਂ ਨਾ ਸਮਝ	2	0	twenties	male		pa-IN	
636d5d7886b21b791e1ee9db54019745958ea967c24863fcb921e3108c9edc7d8dbe748904cb24e9fa6be4c9b20db3dfd48324dc826be01885b3f73b7bfd2a98	common_voice_pa-IN_22939311.mp3	ਸੂਬੇਦਾਰਨੀ ਵੀ ਅੱਤ ਦੀ ਉਦਾਸ ਸੀ	2	0	twenties	male		pa-IN	
636d5d7886b21b791e1ee9db54019745958ea967c24863fcb921e3108c9edc7d8dbe748904cb24e9fa6be4c9b20db3dfd48324dc826be01885b3f73b7bfd2a98	common_voice_pa-IN_22939317.mp3	ਹਰਦਮ ਲੜਾਂਗਾ ਰੋਸ਼ਨੀ ਦੀ ਭਾਲ ਲਈ	2	0	twenties	male		pa-IN	
636d5d7886b21b791e1ee9db54019745958ea967c24863fcb921e3108c9edc7d8dbe748904cb24e9fa6be4c9b20db3dfd48324dc826be01885b3f73b7bfd2a98	common_voice_pa-IN_22939334.mp3	ਹਿੰਸਕ ਝੜਪ ਦਾ ਕਾਰਨ ਨਾਜਾਇਜ਼ ਸਬੰਧ ਹੀ ਹੈ	2	1	twenties	male		pa-IN	
636d5d7886b21b791e1ee9db54019745958ea967c24863fcb921e3108c9edc7d8dbe748904cb24e9fa6be4c9b20db3dfd48324dc826be01885b3f73b7bfd2a98	common_voice_pa-IN_22939336.mp3	ਖੁਸ਼ਹਾਲੀ ਦੀ ਅਸੀਂ ਸਾਰੇ ਕਾਮਨਾ ਕਰਦੇ ਹਾਂ	2	0	twenties	male		pa-IN	
636d5d7886b21b791e1ee9db54019745958ea967c24863fcb921e3108c9edc7d8dbe748904cb24e9fa6be4c9b20db3dfd48324dc826be01885b3f73b7bfd2a98	common_voice_pa-IN_22939344.mp3	ਇਥੇ ਦੋਗੜਾਂ ਵੀ ਚੜ੍ਹਾਈਆਂ ਜਾਂਦੀਆਂ ਹਨ	2	0	twenties	male		pa-IN	
636d5d7886b21b791e1ee9db54019745958ea967c24863fcb921e3108c9edc7d8dbe748904cb24e9fa6be4c9b20db3dfd48324dc826be01885b3f73b7bfd2a98	common_voice_pa-IN_22939345.mp3	ਅੰਮ੍ਰਿਤਸਰ ਵੀ ਅਖਾੜਿਆਂ ਨਾਲ ਭਰਿਆ ਪਿਆ ਸੀ	2	0	twenties	male		pa-IN	
636d5d7886b21b791e1ee9db54019745958ea967c24863fcb921e3108c9edc7d8dbe748904cb24e9fa6be4c9b20db3dfd48324dc826be01885b3f73b7bfd2a98	common_voice_pa-IN_22939346.mp3	ਉਦੋਂ ਉਹਦਾ ਸੋਨੇ ਦਾ ਕੜਾ ਗ਼ਾਇਬ ਸੀ	2	1	twenties	male		pa-IN	
636d5d7886b21b791e1ee9db54019745958ea967c24863fcb921e3108c9edc7d8dbe748904cb24e9fa6be4c9b20db3dfd48324dc826be01885b3f73b7bfd2a98	common_voice_pa-IN_22939347.mp3	ਉਹ ਹਮੇਸ਼ਾਂ ਸਵਾਲਾਂ ਦੇ ਘੇਰੇ ਤੋੜਕੇ	2	0	twenties	male		pa-IN	
636d5d7886b21b791e1ee9db54019745958ea967c24863fcb921e3108c9edc7d8dbe748904cb24e9fa6be4c9b20db3dfd48324dc826be01885b3f73b7bfd2a98	common_voice_pa-IN_22939350.mp3	ਜਿਨਾ੍ਹਂ ਕੋਲ ਧੰਨ ਹੈ ਉਂਨਾ੍ਹਂ ਵਲੋਂ ਧੰਨ ਦਾ ਤਿਆਗ ਕਰਨਾ ਬਹੁਤ ਚੰਗੀ ਗੱਲ ਹੈ	2	1	twenties	male		pa-IN	
636d5d7886b21b791e1ee9db54019745958ea967c24863fcb921e3108c9edc7d8dbe748904cb24e9fa6be4c9b20db3dfd48324dc826be01885b3f73b7bfd2a98	common_voice_pa-IN_22939352.mp3	ਆਈਟਮ ਸਾਂਗ ਦੀਪਿਕਾ ਪਹਿਲੀ ਵਾਰ ਨਹੀਂ ਕਰ ਰਹੀ	2	0	twenties	male		pa-IN	
636d5d7886b21b791e1ee9db54019745958ea967c24863fcb921e3108c9edc7d8dbe748904cb24e9fa6be4c9b20db3dfd48324dc826be01885b3f73b7bfd2a98	common_voice_pa-IN_22939353.mp3	ਸੱਚ ਦੇ ਚਾਨਣ ਦਾ ਦਿੱਤਾ ਛਿੱਟਾ	2	0	twenties	male		pa-IN	
636d5d7886b21b791e1ee9db54019745958ea967c24863fcb921e3108c9edc7d8dbe748904cb24e9fa6be4c9b20db3dfd48324dc826be01885b3f73b7bfd2a98	common_voice_pa-IN_22939365.mp3	ਪਰ ਕੁੜੀ ਵਾਲਿਆਂ ਨੂੰ ਭੋਲਾ ਪਸੰਦ ਆ ਗਿਆ	2	1	twenties	male		pa-IN	
636d5d7886b21b791e1ee9db54019745958ea967c24863fcb921e3108c9edc7d8dbe748904cb24e9fa6be4c9b20db3dfd48324dc826be01885b3f73b7bfd2a98	common_voice_pa-IN_22939367.mp3	ਕਟਨ ਲਈ ਸੀ ਉਹ ਠੰਢੀ ਠਾਰ ਆਇਆ	2	1	twenties	male		pa-IN	
1f06b30402cdccbe99ba5d6ff11f5a893e78c294508b9403e396be8416b715caeb0c5fa3d5ce83691cf3781a0eb95289b4e87d50038e4114ab526883dfec1ea8	common_voice_pa-IN_21722988.mp3	ਉਦੋਂ ਭੂਤਾਂ ਪ੍ਰੇਤਾਂ ਦੀਆਂ ਗੱਲਾਂ ਆਮ ਹੁੰਦੀਆਂ ਸਨ	2	1				pa-IN	
1f06b30402cdccbe99ba5d6ff11f5a893e78c294508b9403e396be8416b715caeb0c5fa3d5ce83691cf3781a0eb95289b4e87d50038e4114ab526883dfec1ea8	common_voice_pa-IN_21722989.mp3	ਬੰਦੇ ਨੂੰ ਬੰਦਾ ਰਹਿਣ ਈ ਨਈਂ ਦਿੰਦੀਆਂ	2	0				pa-IN	
1f06b30402cdccbe99ba5d6ff11f5a893e78c294508b9403e396be8416b715caeb0c5fa3d5ce83691cf3781a0eb95289b4e87d50038e4114ab526883dfec1ea8	common_voice_pa-IN_21722990.mp3	ਨਹੀਂ ਤਾਂ ਸਭ ਕੋਲੋਂ ਹੀ ਭਰਨਾ ਪਵੇਗਾ	2	1				pa-IN	
1f06b30402cdccbe99ba5d6ff11f5a893e78c294508b9403e396be8416b715caeb0c5fa3d5ce83691cf3781a0eb95289b4e87d50038e4114ab526883dfec1ea8	common_voice_pa-IN_21722991.mp3	ਵਿਕਾਸ ਮਨੁੱਖਤਾ ਦਾ ਸੁੰਦਰ ਵਰਤਾਰਾ ਹੈ	2	0				pa-IN	
1f06b30402cdccbe99ba5d6ff11f5a893e78c294508b9403e396be8416b715caeb0c5fa3d5ce83691cf3781a0eb95289b4e87d50038e4114ab526883dfec1ea8	common_voice_pa-IN_21722992.mp3	ਅਜੇ ਤਾਂ ਮੇਰੀ ਉਮਰ ਨਾ ਮੁੱਕੀ	2	0				pa-IN	
1f06b30402cdccbe99ba5d6ff11f5a893e78c294508b9403e396be8416b715caeb0c5fa3d5ce83691cf3781a0eb95289b4e87d50038e4114ab526883dfec1ea8	common_voice_pa-IN_21722998.mp3	ਅਤੇ ਬਹਿਆ ਭੋਜਨ ਰੀਸਾਈਕਲ ਕਰਕੇ ਉਸਨੂੰ ਦੁਬਾਰਾ ਖਾਣ ਯੋਗ ਬਣਾ ਦੇਵੇਗਾ	2	0				pa-IN	
1f06b30402cdccbe99ba5d6ff11f5a893e78c294508b9403e396be8416b715caeb0c5fa3d5ce83691cf3781a0eb95289b4e87d50038e4114ab526883dfec1ea8	common_voice_pa-IN_21723000.mp3	ਵਿਆਹ ਦੀ ਸਨਦ ਇਥੇ ਜਰੂਰੀ ਨਹੀਂ ਹੈ	2	0				pa-IN	
1f06b30402cdccbe99ba5d6ff11f5a893e78c294508b9403e396be8416b715caeb0c5fa3d5ce83691cf3781a0eb95289b4e87d50038e4114ab526883dfec1ea8	common_voice_pa-IN_21723001.mp3	ਦੋਵੇਂ ਹਾਕੀ ਦੇ ਧਨੰਤਰ ਫੁੱਲ ਬੈਕ ਖਿਡਾਰੀ ਸਨ	2	0				pa-IN	
1f06b30402cdccbe99ba5d6ff11f5a893e78c294508b9403e396be8416b715caeb0c5fa3d5ce83691cf3781a0eb95289b4e87d50038e4114ab526883dfec1ea8	common_voice_pa-IN_21723002.mp3	ਦੇਸ਼ ਲਈ ਕੁਰਬਾਨ ਹੋਣ ਦੀਆਂ ਗੱਲਾਂ ਕਰਨ ਵਾਲੇ	2	0				pa-IN	
1f06b30402cdccbe99ba5d6ff11f5a893e78c294508b9403e396be8416b715caeb0c5fa3d5ce83691cf3781a0eb95289b4e87d50038e4114ab526883dfec1ea8	common_voice_pa-IN_21723008.mp3	ਨੰਬਰਦਾਰ ਗੱਲਾਂ ਸੁਣਦਾ ਖੁਸ਼ੀ ਵਿਚ ਆਫ਼ਰਿਆ ਬੈਠਾ ਸੀ	2	0				pa-IN	
1f06b30402cdccbe99ba5d6ff11f5a893e78c294508b9403e396be8416b715caeb0c5fa3d5ce83691cf3781a0eb95289b4e87d50038e4114ab526883dfec1ea8	common_voice_pa-IN_21723009.mp3	ਕੌਮਾਂ ਵੀਰੋ ਸੁੱਤੀਆਂ ਕਵੀ ਹੀ ਜਾਗਣ ਸਾਰੇ	2	0				pa-IN	
1f06b30402cdccbe99ba5d6ff11f5a893e78c294508b9403e396be8416b715caeb0c5fa3d5ce83691cf3781a0eb95289b4e87d50038e4114ab526883dfec1ea8	common_voice_pa-IN_21723010.mp3	ਤੱਤ ਖਾਲਸਾ ਤੇ ਬੰਦਈ ਖਾਲਸਾ ਮਸਲੇ ਦੀ ਅਸਲੀਅਤ ਕੀ ਹੈ	2	0				pa-IN	
1f06b30402cdccbe99ba5d6ff11f5a893e78c294508b9403e396be8416b715caeb0c5fa3d5ce83691cf3781a0eb95289b4e87d50038e4114ab526883dfec1ea8	common_voice_pa-IN_21723011.mp3	ਛੇਤੀ ਲਾਭ ਦੇਣ ਵਾਲਾ ਫਲ ਪਪੀਤਾ	2	0				pa-IN	
1f06b30402cdccbe99ba5d6ff11f5a893e78c294508b9403e396be8416b715caeb0c5fa3d5ce83691cf3781a0eb95289b4e87d50038e4114ab526883dfec1ea8	common_voice_pa-IN_21723012.mp3	ਉਹ ਖਾਣ ਪੀਣ ਦਾ ਧਿਆਨ ਰੱਖਣ ਲੱਗੀ	2	0				pa-IN	
1f06b30402cdccbe99ba5d6ff11f5a893e78c294508b9403e396be8416b715caeb0c5fa3d5ce83691cf3781a0eb95289b4e87d50038e4114ab526883dfec1ea8	common_voice_pa-IN_21723018.mp3	ਗੁਆਂਢੀਆਂ ਨੂੰ ਕਦੇ ਵੀ ਮਾੜਾ ਲਫ਼ਜ਼ ਨਾ ਬੋਲੋ	2	0				pa-IN	
1f06b30402cdccbe99ba5d6ff11f5a893e78c294508b9403e396be8416b715caeb0c5fa3d5ce83691cf3781a0eb95289b4e87d50038e4114ab526883dfec1ea8	common_voice_pa-IN_21723019.mp3	ਗੁਰੂ ਸਾਹਿਬ ਨੇ ਪੁੱਤਰ ਨੂੰ ਹਿੱਕ ਨਾਲ ਲਾਇਆ	2	0				pa-IN	
1f06b30402cdccbe99ba5d6ff11f5a893e78c294508b9403e396be8416b715caeb0c5fa3d5ce83691cf3781a0eb95289b4e87d50038e4114ab526883dfec1ea8	common_voice_pa-IN_21723020.mp3	ਬਦਕਿਸਮਤੀ ਨਾਲ ਉਹ ਛੋਟੀ ਉਮਰੇ ਚੱਲ ਵਸਿਆ	2	0				pa-IN	
1f06b30402cdccbe99ba5d6ff11f5a893e78c294508b9403e396be8416b715caeb0c5fa3d5ce83691cf3781a0eb95289b4e87d50038e4114ab526883dfec1ea8	common_voice_pa-IN_21723021.mp3	ਕਬੱਡੀ ਮੈਚ ਕਨਿੰਘਮ ਪਾਰਕ ਵਿਚ ਹੋਣੇ ਸਨ	2	1				pa-IN	
1f06b30402cdccbe99ba5d6ff11f5a893e78c294508b9403e396be8416b715caeb0c5fa3d5ce83691cf3781a0eb95289b4e87d50038e4114ab526883dfec1ea8	common_voice_pa-IN_21723022.mp3	ਕੁੱਝ ਪੈਸਾ ਇਸ ਕੰਮ ਵਾਸਤੇ ਵੀ ਰੱਖੋ	2	0				pa-IN	
920b6c82ac5aa138428d3463675577c9caa74b9e9bb48f6c7571d66979bc5afb85e73a5695c405a50d44522c4f6058e54992737c040467b1d7698571c17ca7a6	common_voice_pa-IN_23353012.mp3	ਮੇਰੇ ਨਾਨਕੇ ਇਸ ਸਕੂਲ ਦੇ ਨੇੜੇ ਸਨ	2	0	thirties	male		pa-IN	
920b6c82ac5aa138428d3463675577c9caa74b9e9bb48f6c7571d66979bc5afb85e73a5695c405a50d44522c4f6058e54992737c040467b1d7698571c17ca7a6	common_voice_pa-IN_23355446.mp3	ਸਾਡੇ ਪਰਿਵਾਰ ਦਾ ਕਿਸ ਤਰ੍ਹਾਂ ਵੱਧ ਤੋਂ ਵੱਧ ਸੈਫ਼ ਹੋਵੇਗਾ	2	0	thirties	male		pa-IN	
920b6c82ac5aa138428d3463675577c9caa74b9e9bb48f6c7571d66979bc5afb85e73a5695c405a50d44522c4f6058e54992737c040467b1d7698571c17ca7a6	common_voice_pa-IN_23355447.mp3	ਇਕ ਪਾਸੇ ਦਸਤਾਰਬੰਦੀ ਦਾ ਮੁਕਾਬਲਾ ਹੋ ਰਿਹਾ ਸੀ	2	1	thirties	male		pa-IN	
920b6c82ac5aa138428d3463675577c9caa74b9e9bb48f6c7571d66979bc5afb85e73a5695c405a50d44522c4f6058e54992737c040467b1d7698571c17ca7a6	common_voice_pa-IN_23355448.mp3	ਤਈਯਬ ਸ਼ਾਹ ਗਿਲਾਨੀ ਕਬੱਡੀ ਕੁਮੈਂਟੇਟਰ ਸੀ	2	1	thirties	male		pa-IN	
920b6c82ac5aa138428d3463675577c9caa74b9e9bb48f6c7571d66979bc5afb85e73a5695c405a50d44522c4f6058e54992737c040467b1d7698571c17ca7a6	common_voice_pa-IN_23355451.mp3	ਪਰ ਅਸਲੀਅਤ ਇਹ ਸੀ ਕਿ ਸਾਡਾ ਹੱਥ ਹੁਣ ਖੁੱਲ੍ਹਾ ਨਹੀਂ ਸੀ ਰਹਿ ਗਿਆ	2	0	thirties	male		pa-IN	
920b6c82ac5aa138428d3463675577c9caa74b9e9bb48f6c7571d66979bc5afb85e73a5695c405a50d44522c4f6058e54992737c040467b1d7698571c17ca7a6	common_voice_pa-IN_23355452.mp3	ਕਬੱਡੀ ਕੱਪ ਦਾ ਇਹ ਫਾਈਨਲ ਮੈਚ ਸੀ	2	0	thirties	male		pa-IN	
920b6c82ac5aa138428d3463675577c9caa74b9e9bb48f6c7571d66979bc5afb85e73a5695c405a50d44522c4f6058e54992737c040467b1d7698571c17ca7a6	common_voice_pa-IN_23355455.mp3	ਡਾਕਟਰ ਸਾਹਿਬ ਸਾਡੇ ਵਿਚ ਨਹੀਂ ਰਹੇ	2	0	thirties	male		pa-IN	
920b6c82ac5aa138428d3463675577c9caa74b9e9bb48f6c7571d66979bc5afb85e73a5695c405a50d44522c4f6058e54992737c040467b1d7698571c17ca7a6	common_voice_pa-IN_23355456.mp3	ਅਕਾਲੀ ਦਲ ਅਤੇ ਭਾਜਪਾ ਵਿਚ ਪੈਣ ਲੱਗੀਆਂ ਤਰੇੜਾਂ	2	0	thirties	male		pa-IN	
920b6c82ac5aa138428d3463675577c9caa74b9e9bb48f6c7571d66979bc5afb85e73a5695c405a50d44522c4f6058e54992737c040467b1d7698571c17ca7a6	common_voice_pa-IN_23355464.mp3	ਭਾਵੇਂ ਉਹ ਆਪਣੇ ਲੜਦੇ ਮਰਦੇ ਰਹਿਣ	2	0	thirties	male		pa-IN	
920b6c82ac5aa138428d3463675577c9caa74b9e9bb48f6c7571d66979bc5afb85e73a5695c405a50d44522c4f6058e54992737c040467b1d7698571c17ca7a6	common_voice_pa-IN_23355465.mp3	ਕਰਨ ਦੇ ਮੈਨੂੰ ਮੇਰੀ ਉਦਾਸੀ ਦਾ ਸਫ਼ਰ	2	0	thirties	male		pa-IN	
920b6c82ac5aa138428d3463675577c9caa74b9e9bb48f6c7571d66979bc5afb85e73a5695c405a50d44522c4f6058e54992737c040467b1d7698571c17ca7a6	common_voice_pa-IN_23355467.mp3	ਭਾਰਤੀ ਕਮਜ਼ੋਰ ਤੇ ਨਿਤਾਣੇ ਹੋ ਗਏ ਸਨ	2	0	thirties	male		pa-IN	
920b6c82ac5aa138428d3463675577c9caa74b9e9bb48f6c7571d66979bc5afb85e73a5695c405a50d44522c4f6058e54992737c040467b1d7698571c17ca7a6	common_voice_pa-IN_23355475.mp3	ਏਸ਼ਿਆਈ ਤੇ ਓਲੰਪਿਕ ਖੇਡਾਂ ਦਾ ਇਤਿਹਾਸ ਲਿਖਿਆ ਹੈ	2	0	thirties	male		pa-IN	
920b6c82ac5aa138428d3463675577c9caa74b9e9bb48f6c7571d66979bc5afb85e73a5695c405a50d44522c4f6058e54992737c040467b1d7698571c17ca7a6	common_voice_pa-IN_23355476.mp3	ਜੰਮਣ ਮਰਨ ਤੱਕ ਕਈ ਰਿਸ਼ਤੇ ਹੰਢਾਵੇਂ	2	0	thirties	male		pa-IN	
920b6c82ac5aa138428d3463675577c9caa74b9e9bb48f6c7571d66979bc5afb85e73a5695c405a50d44522c4f6058e54992737c040467b1d7698571c17ca7a6	common_voice_pa-IN_23355483.mp3	ਉਹ ਕੋਠੇ ਤੇ ਖੜ੍ਹੀ ਹੁੰਦੀ ਸੀ	2	0	thirties	male		pa-IN	
920b6c82ac5aa138428d3463675577c9caa74b9e9bb48f6c7571d66979bc5afb85e73a5695c405a50d44522c4f6058e54992737c040467b1d7698571c17ca7a6	common_voice_pa-IN_23355495.mp3	ਉਹ ਸਾਡਾ ਤਮਾਸ਼ਾ ਦੇਖ ਰਹੇ ਹਨ	2	0	thirties	male		pa-IN	
920b6c82ac5aa138428d3463675577c9caa74b9e9bb48f6c7571d66979bc5afb85e73a5695c405a50d44522c4f6058e54992737c040467b1d7698571c17ca7a6	common_voice_pa-IN_23355497.mp3	ਅਮਰਿੰਦਰ ਸਿੰਘ ਦੀ ਬਰਖਾਸਤਗੀ ਦੀ ਇਹ ਪਰਿਨੀਤੀ ਹੋਵੇਗੀ	2	0	thirties	male		pa-IN	
920b6c82ac5aa138428d3463675577c9caa74b9e9bb48f6c7571d66979bc5afb85e73a5695c405a50d44522c4f6058e54992737c040467b1d7698571c17ca7a6	common_voice_pa-IN_23355526.mp3	ਪਰ ਚੌਧਰੀਆਂ ਦੇ ਬੈਂਕ ਬੈਲੰਸ ਨੂੰ ਉੱਚਾ ਉਠਾਇਆ	2	0	thirties	male		pa-IN	
920b6c82ac5aa138428d3463675577c9caa74b9e9bb48f6c7571d66979bc5afb85e73a5695c405a50d44522c4f6058e54992737c040467b1d7698571c17ca7a6	common_voice_pa-IN_23355528.mp3	ਉਸ ਨੂੰ ਵੀ ਨਜ਼ਰਅੰਦਾਜ਼ ਕੀਤਾ ਗਿਆ ਹੈ	2	0	thirties	male		pa-IN	
920b6c82ac5aa138428d3463675577c9caa74b9e9bb48f6c7571d66979bc5afb85e73a5695c405a50d44522c4f6058e54992737c040467b1d7698571c17ca7a6	common_voice_pa-IN_23355530.mp3	ਜੋਤੀ ਬੌਣੇਪਨ ਦੀ ਬਿਮਾਰੀ ਤੋਂ ਪੀੜਤ ਹੈ	2	0	thirties	male		pa-IN	
920b6c82ac5aa138428d3463675577c9caa74b9e9bb48f6c7571d66979bc5afb85e73a5695c405a50d44522c4f6058e54992737c040467b1d7698571c17ca7a6	common_voice_pa-IN_23355536.mp3	ਰੂਪਾਕਾਰ ਦੀਆਂ ਸੀਮਾਵਾਂ ਨਿਸ਼ਚਿਤ ਨਹੀਂ ਕੀਤੀਆਂ ਜਾ ਸਕਦੀਆਂ	2	0	thirties	male		pa-IN	
96d475564a9bcc79f4e1a9471facd98e8f84bc8a6896d0b07528b47e606976f15ea7544e7ab6b48e14aba281be2b57afe932e9c2493d7f9be5e72b8dbdfab69b	common_voice_pa-IN_22986080.mp3	ਕਿਸੇ ਨਾਲ ਖੁੰਦਕਬਾਜ਼ੀ ਨਹੀਂ ਸੀ ਕੀਤੀ	2	0				pa-IN	
96d475564a9bcc79f4e1a9471facd98e8f84bc8a6896d0b07528b47e606976f15ea7544e7ab6b48e14aba281be2b57afe932e9c2493d7f9be5e72b8dbdfab69b	common_voice_pa-IN_22986081.mp3	ਇਹ ਉਪਲਬਧੀਆਂ ਮੇਰੇ ਇੱਕਲੇ ਦੀਆਂ ਨਹੀਂ ਹਨ	2	0				pa-IN	
96d475564a9bcc79f4e1a9471facd98e8f84bc8a6896d0b07528b47e606976f15ea7544e7ab6b48e14aba281be2b57afe932e9c2493d7f9be5e72b8dbdfab69b	common_voice_pa-IN_22991261.mp3	ਅੱਜ ਵੇਖੋ ਧਰਮ ਦੀ ਖ਼ਾਤਰ	2	0				pa-IN	
96d475564a9bcc79f4e1a9471facd98e8f84bc8a6896d0b07528b47e606976f15ea7544e7ab6b48e14aba281be2b57afe932e9c2493d7f9be5e72b8dbdfab69b	common_voice_pa-IN_22991264.mp3	ਫਿਰ ਉਸ ਦੇ ਮਾੜੇ ਦਿਨ ਆ ਗਏ	2	0				pa-IN	
96d475564a9bcc79f4e1a9471facd98e8f84bc8a6896d0b07528b47e606976f15ea7544e7ab6b48e14aba281be2b57afe932e9c2493d7f9be5e72b8dbdfab69b	common_voice_pa-IN_22991265.mp3	ਦਿਲੀ ਕਮੇਟੀ ਤੋਂ ਵੀ ਉਹਨਾਂ ਨੂੰ ਵੱਖ ਕਰ ਦਿੱਤਾ ਜਾਵੇਗਾ	2	1				pa-IN	
96d475564a9bcc79f4e1a9471facd98e8f84bc8a6896d0b07528b47e606976f15ea7544e7ab6b48e14aba281be2b57afe932e9c2493d7f9be5e72b8dbdfab69b	common_voice_pa-IN_22991267.mp3	ਉਹ ਚੁੱਪਚਾਪ ਗਿਲਾਸ ਭਰਨ ਲੱਗ ਗਈ	2	0				pa-IN	
96d475564a9bcc79f4e1a9471facd98e8f84bc8a6896d0b07528b47e606976f15ea7544e7ab6b48e14aba281be2b57afe932e9c2493d7f9be5e72b8dbdfab69b	common_voice_pa-IN_22991353.mp3	ਜਵਾਬ ਜੀ ਹਾਂ ਜ਼ਰੂਰ ਹੋ ਸਕਦਾ ਹੈ	2	1				pa-IN	
96d475564a9bcc79f4e1a9471facd98e8f84bc8a6896d0b07528b47e606976f15ea7544e7ab6b48e14aba281be2b57afe932e9c2493d7f9be5e72b8dbdfab69b	common_voice_pa-IN_22991354.mp3	ਪਤਾ ਨਹੀਂ ਮੈਂ ਕੀ ਕਰ ਬੈਠਾ ਸੀ	2	0				pa-IN	
96d475564a9bcc79f4e1a9471facd98e8f84bc8a6896d0b07528b47e606976f15ea7544e7ab6b48e14aba281be2b57afe932e9c2493d7f9be5e72b8dbdfab69b	common_voice_pa-IN_22991355.mp3	ਮੱਲਾਂ ਤੇ ਕੌਡਿਆਲਾਂ ਦੀ ਸ਼ਾਇਰੀ ਹੋ ਰਹੀ ਹੈ	2	0				pa-IN	
96d475564a9bcc79f4e1a9471facd98e8f84bc8a6896d0b07528b47e606976f15ea7544e7ab6b48e14aba281be2b57afe932e9c2493d7f9be5e72b8dbdfab69b	common_voice_pa-IN_22991356.mp3	ਉਸ ਨੇ ਟਾਲਸਟਾਏ ਨਾਲ ਚਿੱਠੀ ਪੱਤਰ ਕੀਤਾ	2	0				pa-IN	
96d475564a9bcc79f4e1a9471facd98e8f84bc8a6896d0b07528b47e606976f15ea7544e7ab6b48e14aba281be2b57afe932e9c2493d7f9be5e72b8dbdfab69b	common_voice_pa-IN_22991399.mp3	ਨਾਲ ਬੁੱਢੇ ਨਰੜਿਆਂ ਤੁਸੀਂ ਮੈਨੂੰ ਹੱਥੀਂ	2	0				pa-IN	
96d475564a9bcc79f4e1a9471facd98e8f84bc8a6896d0b07528b47e606976f15ea7544e7ab6b48e14aba281be2b57afe932e9c2493d7f9be5e72b8dbdfab69b	common_voice_pa-IN_22991400.mp3	ਬਾਪੂ ਦੇ ਗਰਾਂ ਵਿੱਚ ਰਹਿ ਕੇ	2	0				pa-IN	
96d475564a9bcc79f4e1a9471facd98e8f84bc8a6896d0b07528b47e606976f15ea7544e7ab6b48e14aba281be2b57afe932e9c2493d7f9be5e72b8dbdfab69b	common_voice_pa-IN_22991401.mp3	ਬੰਬਈ ਅੱਜ ਵੀ ਉਸ ਤਰਾ੍ਹਂ ਹੀ ਕਾਇਮ ਹੈ	2	1				pa-IN	
96d475564a9bcc79f4e1a9471facd98e8f84bc8a6896d0b07528b47e606976f15ea7544e7ab6b48e14aba281be2b57afe932e9c2493d7f9be5e72b8dbdfab69b	common_voice_pa-IN_22991403.mp3	ਛੇ ਸਾਜ਼ੀਆਂ ਨੇ ਮਾਹੌਲ ਨੂੰ ਸੰਗੀਤਮਈ ਬਣਾ ਦਿੱਤਾ	2	0				pa-IN	
96d475564a9bcc79f4e1a9471facd98e8f84bc8a6896d0b07528b47e606976f15ea7544e7ab6b48e14aba281be2b57afe932e9c2493d7f9be5e72b8dbdfab69b	common_voice_pa-IN_22991447.mp3	ਦੋਹਾਂ ਦੀਆਂ ਸੀਟਾਂ ਪੰਜ ਪੰਜ ਹਜ਼ਾਰ ਹਨ	2	0				pa-IN	
96d475564a9bcc79f4e1a9471facd98e8f84bc8a6896d0b07528b47e606976f15ea7544e7ab6b48e14aba281be2b57afe932e9c2493d7f9be5e72b8dbdfab69b	common_voice_pa-IN_22991450.mp3	ਨਾਲੇ ਖਾਵਾਂ ਪੀਵਾਂਗੇ ਨਾਲੇ ਗੱਲਾਂ ਕਰਾਂਗੇ	2	0				pa-IN	
96d475564a9bcc79f4e1a9471facd98e8f84bc8a6896d0b07528b47e606976f15ea7544e7ab6b48e14aba281be2b57afe932e9c2493d7f9be5e72b8dbdfab69b	common_voice_pa-IN_22991451.mp3	ਲੱਤਾਂ ਤੋਂ ਚਲ ਨਹੀਂ ਸੀ ਹੋ ਰਿਹਾ	2	0				pa-IN	
96d475564a9bcc79f4e1a9471facd98e8f84bc8a6896d0b07528b47e606976f15ea7544e7ab6b48e14aba281be2b57afe932e9c2493d7f9be5e72b8dbdfab69b	common_voice_pa-IN_22991454.mp3	ਇਹ ਸਥਿਤੀ ਅੰਕਾਂ ਤਕ ਬਣੀ ਰਹੀ	2	1				pa-IN	
96d475564a9bcc79f4e1a9471facd98e8f84bc8a6896d0b07528b47e606976f15ea7544e7ab6b48e14aba281be2b57afe932e9c2493d7f9be5e72b8dbdfab69b	common_voice_pa-IN_22991764.mp3	ਪੰਦਰਾਂ ਥੈਲੀਆਂ ਧੱਕੇ ਖਾ ਕੇ ਹੱਥ ਆਈਆਂ	2	0				pa-IN	
96d475564a9bcc79f4e1a9471facd98e8f84bc8a6896d0b07528b47e606976f15ea7544e7ab6b48e14aba281be2b57afe932e9c2493d7f9be5e72b8dbdfab69b	common_voice_pa-IN_22991828.mp3	ਤੂੰ ਚੰਦਰਮਾਂ ਵਾਂਗ ਪਤਾ ਨਹੀਂ ਕਿੱਥੇ	2	0				pa-IN	
96d475564a9bcc79f4e1a9471facd98e8f84bc8a6896d0b07528b47e606976f15ea7544e7ab6b48e14aba281be2b57afe932e9c2493d7f9be5e72b8dbdfab69b	common_voice_pa-IN_22991831.mp3	ਪਿਛਲੇ ਹਫਤੇ ਚ ਹੀ ਮੌਤਾਂ ਹੋ ਚੁੱਕੀਆਂ ਹਨ	2	0				pa-IN	
96d475564a9bcc79f4e1a9471facd98e8f84bc8a6896d0b07528b47e606976f15ea7544e7ab6b48e14aba281be2b57afe932e9c2493d7f9be5e72b8dbdfab69b	common_voice_pa-IN_22991879.mp3	ਕਿਉਂਕਿ ਇਹ ਅਕਾਲੀ ਭਾਜਪਾ ਸਰਕਾਰ ਦਾ ਅੰਤਮ ਸਾਲ ਹੋਵੇਗਾ	2	0				pa-IN	
96d475564a9bcc79f4e1a9471facd98e8f84bc8a6896d0b07528b47e606976f15ea7544e7ab6b48e14aba281be2b57afe932e9c2493d7f9be5e72b8dbdfab69b	common_voice_pa-IN_22991882.mp3	ਅਸੀਂ ਤਾਂ ਪਾ ਲਿਆ ਤੂੰ ਪਾ ਲੈ	2	0				pa-IN	
96d475564a9bcc79f4e1a9471facd98e8f84bc8a6896d0b07528b47e606976f15ea7544e7ab6b48e14aba281be2b57afe932e9c2493d7f9be5e72b8dbdfab69b	common_voice_pa-IN_22991883.mp3	ਜਦ ਜੰਗਲਾਂ ਵਿੱਚ ਤੂੰ ਆ ਵੜਿਆ	2	0				pa-IN	
ae5d7964ae1cf5548b443f16e68eeb3005e6e1c19d4af7b3a3848dda4fe2436a10a8db34dd7fb48346a8b5ebce39d18a370a3a2218bad02c29f2f57d430497a2	common_voice_pa-IN_21916812.mp3	ਪੁੱਤ ਨੂੰ ਜਹਿਰ ਦੇ ਰਿਹਾ ਸੀ	2	0	fourties	male		pa-IN	
ae5d7964ae1cf5548b443f16e68eeb3005e6e1c19d4af7b3a3848dda4fe2436a10a8db34dd7fb48346a8b5ebce39d18a370a3a2218bad02c29f2f57d430497a2	common_voice_pa-IN_21916814.mp3	ਫੇਰ ਟੈਕਸੀ ਲੈ ਕੇ ਸਾਡੇ ਕੋਲ਼ ਆਇਆ ਸੀ	2	1	fourties	male		pa-IN	
ae5d7964ae1cf5548b443f16e68eeb3005e6e1c19d4af7b3a3848dda4fe2436a10a8db34dd7fb48346a8b5ebce39d18a370a3a2218bad02c29f2f57d430497a2	common_voice_pa-IN_21916815.mp3	ਇਸ ਲਈ ਸ਼ੈਂਪੂ ਪਿੱਛੋਂ ਕੰਡੀਸ਼ਨਰ ਵਰਤਣਾ ਚਾਹੀਦੈ	2	0	fourties	male		pa-IN	
ae5d7964ae1cf5548b443f16e68eeb3005e6e1c19d4af7b3a3848dda4fe2436a10a8db34dd7fb48346a8b5ebce39d18a370a3a2218bad02c29f2f57d430497a2	common_voice_pa-IN_21916816.mp3	ਤੁਸੀਂ ਆਪਣੇ ਵਿਚਾਰਾਂ ਤੇ ਕਾਬੂ ਕਰ ਸਕਦੇ ਹੋ	2	1	fourties	male		pa-IN	
ae5d7964ae1cf5548b443f16e68eeb3005e6e1c19d4af7b3a3848dda4fe2436a10a8db34dd7fb48346a8b5ebce39d18a370a3a2218bad02c29f2f57d430497a2	common_voice_pa-IN_21916817.mp3	ਮੇਰੀਆਂ ਤੇ ਅੱਖੀਆਂ ਪੱਕ ਗਈਆਂ ਸਨ	2	0	fourties	male		pa-IN	
ae5d7964ae1cf5548b443f16e68eeb3005e6e1c19d4af7b3a3848dda4fe2436a10a8db34dd7fb48346a8b5ebce39d18a370a3a2218bad02c29f2f57d430497a2	common_voice_pa-IN_21982374.mp3	ਘੁੱਟ ਗਲਵੱਕੜੀ ਪਾਉਣਾ ਚਾਹੁੰਦੀ ਸੀ ਮੈਨੂੰ	2	1	fourties	male		pa-IN	
ae5d7964ae1cf5548b443f16e68eeb3005e6e1c19d4af7b3a3848dda4fe2436a10a8db34dd7fb48346a8b5ebce39d18a370a3a2218bad02c29f2f57d430497a2	common_voice_pa-IN_21982376.mp3	ਇਸ ਮੌਕੇ ਸਰਚਾਂਦ ਸਿੰਘ ਵੀ ਮੌਜੂਦ ਸਨ	2	0	fourties	male		pa-IN	
ae5d7964ae1cf5548b443f16e68eeb3005e6e1c19d4af7b3a3848dda4fe2436a10a8db34dd7fb48346a8b5ebce39d18a370a3a2218bad02c29f2f57d430497a2	common_voice_pa-IN_21982379.mp3	ਬਲਦੇਵ ਸਿੰਘ ਦੀ ਆਈ ਚਲਾਈ ਹੀ ਚੱਲਦੀ ਸੀ	2	0	fourties	male		pa-IN	
ae5d7964ae1cf5548b443f16e68eeb3005e6e1c19d4af7b3a3848dda4fe2436a10a8db34dd7fb48346a8b5ebce39d18a370a3a2218bad02c29f2f57d430497a2	common_voice_pa-IN_21982380.mp3	ਜਦੋਂ ਤੱਕ ਅਸੀਂ ਆਪਣੀ ਮਾਨਸਿਕਤਾ ਬਦਲਦੇ ਨਹੀਂ	2	0	fourties	male		pa-IN	
ae5d7964ae1cf5548b443f16e68eeb3005e6e1c19d4af7b3a3848dda4fe2436a10a8db34dd7fb48346a8b5ebce39d18a370a3a2218bad02c29f2f57d430497a2	common_voice_pa-IN_21982384.mp3	ਮੈਨੂੰ ਰਾਂਝਣਾ ਨਦਰ ਨਾ ਆਂਵਦਾ ਈ	2	0	fourties	male		pa-IN	
ae5d7964ae1cf5548b443f16e68eeb3005e6e1c19d4af7b3a3848dda4fe2436a10a8db34dd7fb48346a8b5ebce39d18a370a3a2218bad02c29f2f57d430497a2	common_voice_pa-IN_21982543.mp3	ਉਹ ਅਮੀਰੀ ਗਰੀਬੀ ਵਿਚਲਾ ਫਰਕ ਮਿਟਾਉਣ ਦੀ ਮੰਗ ਕਰ ਰਹੇ ਸਨ	2	0	fourties	male		pa-IN	
ae5d7964ae1cf5548b443f16e68eeb3005e6e1c19d4af7b3a3848dda4fe2436a10a8db34dd7fb48346a8b5ebce39d18a370a3a2218bad02c29f2f57d430497a2	common_voice_pa-IN_21982545.mp3	ਮੁੰਡਾ ਹੋਇਆ ਹਜ਼ੂਰ ਸਾਹਿਬ ਪੱਗ ਬੰਨਾਂ ਕੇ ਲਿਆਵਾਂਗੇ	2	0	fourties	male		pa-IN	
ae5d7964ae1cf5548b443f16e68eeb3005e6e1c19d4af7b3a3848dda4fe2436a10a8db34dd7fb48346a8b5ebce39d18a370a3a2218bad02c29f2f57d430497a2	common_voice_pa-IN_21982546.mp3	ਹੁਣ ਮੈਂ ਉਣੱਤਰਵੇਂ ਸਾਲ ਚ ਹਾਂ	2	0	fourties	male		pa-IN	
ae5d7964ae1cf5548b443f16e68eeb3005e6e1c19d4af7b3a3848dda4fe2436a10a8db34dd7fb48346a8b5ebce39d18a370a3a2218bad02c29f2f57d430497a2	common_voice_pa-IN_21982547.mp3	ਮੁਸਕਰਾਓ ਇਸ ਨਾਲ ਲੋਕ ਚਕਰਾ ਜਾਂਦੇ ਹਨ	2	0	fourties	male		pa-IN	
ae5d7964ae1cf5548b443f16e68eeb3005e6e1c19d4af7b3a3848dda4fe2436a10a8db34dd7fb48346a8b5ebce39d18a370a3a2218bad02c29f2f57d430497a2	common_voice_pa-IN_21982726.mp3	ਸੋ ਅਸੀਂ ਸਿੱਧੇ ਤੌਰ ਤੇ ਸ਼ਾਕਾਹਾਰੀ ਨਾ ਹੋਏ	2	0	fourties	male		pa-IN	
ae5d7964ae1cf5548b443f16e68eeb3005e6e1c19d4af7b3a3848dda4fe2436a10a8db34dd7fb48346a8b5ebce39d18a370a3a2218bad02c29f2f57d430497a2	common_voice_pa-IN_21982730.mp3	ਕਿਸਾਨਾਂ ਨੂੰ ਸਰਕਾਰੀ ਸਕੀਮਾਂ ਤੋਂ ਜਾਣੂ ਕਰਵਾਇਆ	2	0	fourties	male		pa-IN	
ae5d7964ae1cf5548b443f16e68eeb3005e6e1c19d4af7b3a3848dda4fe2436a10a8db34dd7fb48346a8b5ebce39d18a370a3a2218bad02c29f2f57d430497a2	common_voice_pa-IN_21982735.mp3	ਦੂਜੇ ਦੀ ਔਰਤ ਵੀ ਉਸੇ ਦੀ ਹੋ ਜਾਵੇ	2	0	fourties	male		pa-IN	
ae5d7964ae1cf5548b443f16e68eeb3005e6e1c19d4af7b3a3848dda4fe2436a10a8db34dd7fb48346a8b5ebce39d18a370a3a2218bad02c29f2f57d430497a2	common_voice_pa-IN_21982736.mp3	ਕਣਕ ਭੁਨਾ ਕੇ ਮਰੂੰਡੇ ਬਣਾਏ ਜਾਂਦੇ	2	0	fourties	male		pa-IN	
ae5d7964ae1cf5548b443f16e68eeb3005e6e1c19d4af7b3a3848dda4fe2436a10a8db34dd7fb48346a8b5ebce39d18a370a3a2218bad02c29f2f57d430497a2	common_voice_pa-IN_21982818.mp3	ਭਿੰਡੀ ਦਾ ਬੂਟਾ ਫੁੱਟ ਉੱਚਾ	2	0	fourties	male		pa-IN	
ae5d7964ae1cf5548b443f16e68eeb3005e6e1c19d4af7b3a3848dda4fe2436a10a8db34dd7fb48346a8b5ebce39d18a370a3a2218bad02c29f2f57d430497a2	common_voice_pa-IN_21982819.mp3	ਤੁਰ ਪਿਆ ਹਾਂ ਖਾਲੀ ਬਗਲੀ ਚੁੱਕ	2	0	fourties	male		pa-IN	
ae5d7964ae1cf5548b443f16e68eeb3005e6e1c19d4af7b3a3848dda4fe2436a10a8db34dd7fb48346a8b5ebce39d18a370a3a2218bad02c29f2f57d430497a2	common_voice_pa-IN_21982820.mp3	ਤਿਹਾੜ ਦੀਆਂ ਕੁੱਲ ਛੇ ਜੇਲ੍ਹਾਂ ਹਨ	2	0	fourties	male		pa-IN	
ae5d7964ae1cf5548b443f16e68eeb3005e6e1c19d4af7b3a3848dda4fe2436a10a8db34dd7fb48346a8b5ebce39d18a370a3a2218bad02c29f2f57d430497a2	common_voice_pa-IN_21982822.mp3	ਗੋਲਡ ਤੇ ਸਟੀਕ ਬੈਠਿਆ ਅਭਿਨਵ ਦਾ ਨਿਸ਼ਾਨਾ	2	0	fourties	male		pa-IN	
ae5d7964ae1cf5548b443f16e68eeb3005e6e1c19d4af7b3a3848dda4fe2436a10a8db34dd7fb48346a8b5ebce39d18a370a3a2218bad02c29f2f57d430497a2	common_voice_pa-IN_21982825.mp3	ਕਿਧਰੇ ਮਨੁੱਖੀ ਬੰਬ ਆਪਣਾ ਕਾਰਾ ਕਰ ਰਹੇ ਹਨ	2	1	fourties	male		pa-IN	
ae5d7964ae1cf5548b443f16e68eeb3005e6e1c19d4af7b3a3848dda4fe2436a10a8db34dd7fb48346a8b5ebce39d18a370a3a2218bad02c29f2f57d430497a2	common_voice_pa-IN_21982946.mp3	ਬੈਠੋ ਤੁਸੀਂ ਰਲ ਕੇ ਭਾਰਤ ਦੇ ਵੀਰੋ	2	0	fourties	male		pa-IN	
ae5d7964ae1cf5548b443f16e68eeb3005e6e1c19d4af7b3a3848dda4fe2436a10a8db34dd7fb48346a8b5ebce39d18a370a3a2218bad02c29f2f57d430497a2	common_voice_pa-IN_21982949.mp3	ਨਸ਼ਿਆਂ ਨੂੰ ਰੋਕਣ ਲਈ ਵੀ ਫ਼ਿਲਮ ਬਣਾਈ	2	0	fourties	male		pa-IN	
ae5d7964ae1cf5548b443f16e68eeb3005e6e1c19d4af7b3a3848dda4fe2436a10a8db34dd7fb48346a8b5ebce39d18a370a3a2218bad02c29f2f57d430497a2	common_voice_pa-IN_21982950.mp3	ਬੰਦਾ ਹਰ ਕੰਮ ਸਿੱਖ ਸਕਦਾ ਹੈ	2	1	fourties	male		pa-IN	
ae5d7964ae1cf5548b443f16e68eeb3005e6e1c19d4af7b3a3848dda4fe2436a10a8db34dd7fb48346a8b5ebce39d18a370a3a2218bad02c29f2f57d430497a2	common_voice_pa-IN_21982955.mp3	ਪੋਸਟਮਾਰਟਮ ਹੋ ਕੇ ਲਾਸ਼ਾਂ ਹੁਣੇ ਹੀ ਪਹੁੰਚੀਆਂ ਸਨ	2	0	fourties	male		pa-IN	
ae5d7964ae1cf5548b443f16e68eeb3005e6e1c19d4af7b3a3848dda4fe2436a10a8db34dd7fb48346a8b5ebce39d18a370a3a2218bad02c29f2f57d430497a2	common_voice_pa-IN_21982957.mp3	ਜਿਸ ਤੋਂ ਬਾਅਦ ਉਹ ਵਾਪਸ ਨਹੀਂ ਪਰਤਿਆ	2	0	fourties	male		pa-IN	
ae5d7964ae1cf5548b443f16e68eeb3005e6e1c19d4af7b3a3848dda4fe2436a10a8db34dd7fb48346a8b5ebce39d18a370a3a2218bad02c29f2f57d430497a2	common_voice_pa-IN_21983050.mp3	ਉਹ ਆਪਣੇ ਨੁਮਾਇੰਦਿਆਂ ਬਾਰੇ ਆਪ ਫੈਸਲਾ ਕਰਨ	2	0	fourties	male		pa-IN	
ae5d7964ae1cf5548b443f16e68eeb3005e6e1c19d4af7b3a3848dda4fe2436a10a8db34dd7fb48346a8b5ebce39d18a370a3a2218bad02c29f2f57d430497a2	common_voice_pa-IN_21983056.mp3	ਡੌਨ ਵਾਂਗ ਹੀ ਮੈਨੂੰ ਉਸ ਦਾ ਕਿਰਦਾਰ ਵੀ ਬੇਹੱਦ ਪਾਵਰਫੁਲ ਲੱਗਦਾ ਹੈ	2	0	fourties	male		pa-IN	
ae5d7964ae1cf5548b443f16e68eeb3005e6e1c19d4af7b3a3848dda4fe2436a10a8db34dd7fb48346a8b5ebce39d18a370a3a2218bad02c29f2f57d430497a2	common_voice_pa-IN_21983059.mp3	ਪਰ ਆਦੀ ਹੁਣ ਹਿੰਦੀ ਅਤੇ ਅੰਗਰੇਜ਼ੀ ਵੀ ਸਿੱਖ ਰਹੀ ਹੈ	2	0	fourties	male		pa-IN	
ae5d7964ae1cf5548b443f16e68eeb3005e6e1c19d4af7b3a3848dda4fe2436a10a8db34dd7fb48346a8b5ebce39d18a370a3a2218bad02c29f2f57d430497a2	common_voice_pa-IN_21983061.mp3	ਮੈਨੂੰ ਟੈਨਿਸ ਖੇਡਣਾ ਬਹੁਤ ਚੰਗਾ ਲੱਗਦਾ ਹੈ	2	0	fourties	male		pa-IN	
ae5d7964ae1cf5548b443f16e68eeb3005e6e1c19d4af7b3a3848dda4fe2436a10a8db34dd7fb48346a8b5ebce39d18a370a3a2218bad02c29f2f57d430497a2	common_voice_pa-IN_21983063.mp3	ਇਹਨੂੰ ਪੂੰਜੀ ਦੀ ਵਿਸ਼ਵ ਰਾਜਧਾਨੀ ਕਿਹਾ ਜਾਂਦੈ	2	0	fourties	male		pa-IN	
ae5d7964ae1cf5548b443f16e68eeb3005e6e1c19d4af7b3a3848dda4fe2436a10a8db34dd7fb48346a8b5ebce39d18a370a3a2218bad02c29f2f57d430497a2	common_voice_pa-IN_21983201.mp3	ਜ਼ਾਹਰ ਹੈ ਕਿ ਕੈਨੇਡਾ ਅੱਜ ਬਹੁਤ ਬਦਲ ਗਿਆ ਹੈ	2	0	fourties	male		pa-IN	
ae5d7964ae1cf5548b443f16e68eeb3005e6e1c19d4af7b3a3848dda4fe2436a10a8db34dd7fb48346a8b5ebce39d18a370a3a2218bad02c29f2f57d430497a2	common_voice_pa-IN_21983204.mp3	ਉਸੇ ਵੇਲੇ ਉਸ ਦੀ ਕੰਪਨੀ ਨੂੰ ਫੋਨ ਕਰੋ	2	0	fourties	male		pa-IN	
ae5d7964ae1cf5548b443f16e68eeb3005e6e1c19d4af7b3a3848dda4fe2436a10a8db34dd7fb48346a8b5ebce39d18a370a3a2218bad02c29f2f57d430497a2	common_voice_pa-IN_21983312.mp3	ਸਾਧ ਕੇ ਸੰਗਿ ਲਾਗੈ ਪ੍ਰਭੁ ਮੀਠਾ	2	0	fourties	male		pa-IN	
ae5d7964ae1cf5548b443f16e68eeb3005e6e1c19d4af7b3a3848dda4fe2436a10a8db34dd7fb48346a8b5ebce39d18a370a3a2218bad02c29f2f57d430497a2	common_voice_pa-IN_21983315.mp3	ਸਭ ਤੋਂ ਪਹਿਲਾਂ ਭਾਦਸੋਂ ਸਰਕਲ ਦੇ ਜਥੇਦਾਰ ਬਣੇ	2	0	fourties	male		pa-IN	
ae5d7964ae1cf5548b443f16e68eeb3005e6e1c19d4af7b3a3848dda4fe2436a10a8db34dd7fb48346a8b5ebce39d18a370a3a2218bad02c29f2f57d430497a2	common_voice_pa-IN_21983317.mp3	ਹਰ ਹੀਲੇ ਵਸੀਲੇ ਤੇ ਅਧਿਕਾਰ ਜਮਾਂਵਾਂਗਾ	2	0	fourties	male		pa-IN	
ae5d7964ae1cf5548b443f16e68eeb3005e6e1c19d4af7b3a3848dda4fe2436a10a8db34dd7fb48346a8b5ebce39d18a370a3a2218bad02c29f2f57d430497a2	common_voice_pa-IN_21983318.mp3	ਪਰ ਪੈਸੇ ਨਾਲ ਕਰ ਲੈਂਦੀ ਹੈ	2	0	fourties	male		pa-IN	
ae5d7964ae1cf5548b443f16e68eeb3005e6e1c19d4af7b3a3848dda4fe2436a10a8db34dd7fb48346a8b5ebce39d18a370a3a2218bad02c29f2f57d430497a2	common_voice_pa-IN_21983321.mp3	ਪਰ ਤੁਫੈਲ ਮੁਹੰਮਦ ਦਾ ਬੂਹਾ ਬੰਦ ਸੀ	2	0	fourties	male		pa-IN	
ae5d7964ae1cf5548b443f16e68eeb3005e6e1c19d4af7b3a3848dda4fe2436a10a8db34dd7fb48346a8b5ebce39d18a370a3a2218bad02c29f2f57d430497a2	common_voice_pa-IN_21983641.mp3	ਇਹ ਗੱਲ ਮਾਮੂਲੀ ਤਕਰਾਰ ਦਾ ਕਾਰਣ ਬਣੀ	2	0	fourties	male		pa-IN	
ae5d7964ae1cf5548b443f16e68eeb3005e6e1c19d4af7b3a3848dda4fe2436a10a8db34dd7fb48346a8b5ebce39d18a370a3a2218bad02c29f2f57d430497a2	common_voice_pa-IN_21983778.mp3	ਆਕਸੀਜਨ ਲੱਗੀ ਹੋਈ ਮੇਰਾ ਪਿਤਾ ਬੇਹੋਸ਼ ਪਿਆ ਸੀ	2	0	fourties	male		pa-IN	
ae5d7964ae1cf5548b443f16e68eeb3005e6e1c19d4af7b3a3848dda4fe2436a10a8db34dd7fb48346a8b5ebce39d18a370a3a2218bad02c29f2f57d430497a2	common_voice_pa-IN_21983782.mp3	ਜਹਿਰ ਕੇ ਬਦਲੇ ਦੂ ਮੈਂ ਅੰਮ੍ਰਿਤ ਤੁਝ ਕੋ	2	0	fourties	male		pa-IN	
ae5d7964ae1cf5548b443f16e68eeb3005e6e1c19d4af7b3a3848dda4fe2436a10a8db34dd7fb48346a8b5ebce39d18a370a3a2218bad02c29f2f57d430497a2	common_voice_pa-IN_21983783.mp3	ਰਾਮ ਸਿੰਘ ਫਿਰ ਆਖਿਆ ਰਜਾ ਰੱਬ ਦੀ ਰਹਿਣਾ	2	0	fourties	male		pa-IN	
ae5d7964ae1cf5548b443f16e68eeb3005e6e1c19d4af7b3a3848dda4fe2436a10a8db34dd7fb48346a8b5ebce39d18a370a3a2218bad02c29f2f57d430497a2	common_voice_pa-IN_21983785.mp3	ਇੱਕ ਪੁੱਤ੍ਰ ਦੀ ਬਖ਼ਸ਼ ਦੇਹ ਦਾਤ ਦਾਤਾ	2	1	fourties	male		pa-IN	
ae5d7964ae1cf5548b443f16e68eeb3005e6e1c19d4af7b3a3848dda4fe2436a10a8db34dd7fb48346a8b5ebce39d18a370a3a2218bad02c29f2f57d430497a2	common_voice_pa-IN_21983788.mp3	ਇਸ ਦੇ ਹੱਥਾਂ ਦੇ ਭਾਂਡੇ ਛੁੱਟ ਗਏ	2	0	fourties	male		pa-IN	
ae5d7964ae1cf5548b443f16e68eeb3005e6e1c19d4af7b3a3848dda4fe2436a10a8db34dd7fb48346a8b5ebce39d18a370a3a2218bad02c29f2f57d430497a2	common_voice_pa-IN_21983861.mp3	ਇਸ ਤਰ੍ਹਾਂ ਹੀ ਨਾਲ ਦੇ ਪਿੰਡ ਕਬਰਸਤਾਨ ਹੈ	2	0	fourties	male		pa-IN	
ae5d7964ae1cf5548b443f16e68eeb3005e6e1c19d4af7b3a3848dda4fe2436a10a8db34dd7fb48346a8b5ebce39d18a370a3a2218bad02c29f2f57d430497a2	common_voice_pa-IN_21983865.mp3	ਆਤਮਾ ਮੁਹੰਮਦ ਦੀ ਆਈ ਹੈ ਕਲੀ ਅੰਦਰ	2	0	fourties	male		pa-IN	
ae5d7964ae1cf5548b443f16e68eeb3005e6e1c19d4af7b3a3848dda4fe2436a10a8db34dd7fb48346a8b5ebce39d18a370a3a2218bad02c29f2f57d430497a2	common_voice_pa-IN_21983868.mp3	ਇਸ ਨੂੰ ਖਤਮ ਕਰਨ ਲਈ ਸਰਗਰਮ ਵੀ ਹਨ	2	1	fourties	male		pa-IN	
ae5d7964ae1cf5548b443f16e68eeb3005e6e1c19d4af7b3a3848dda4fe2436a10a8db34dd7fb48346a8b5ebce39d18a370a3a2218bad02c29f2f57d430497a2	common_voice_pa-IN_21983869.mp3	ਅਖਿਆ ਮਾਤਾ ਜੀ ਇੱਕ ਝਲਕ ਪੁਆਓ ਮੈਨੂੰ	2	0	fourties	male		pa-IN	
ae5d7964ae1cf5548b443f16e68eeb3005e6e1c19d4af7b3a3848dda4fe2436a10a8db34dd7fb48346a8b5ebce39d18a370a3a2218bad02c29f2f57d430497a2	common_voice_pa-IN_21983871.mp3	ਅੱਜ ਵੀ ਕਿੱਕਰ ਸਿੰਘ ਕੱਲੂ ਗ਼ੁਲਾਮ ਤੇ	2	0	fourties	male		pa-IN	
ae5d7964ae1cf5548b443f16e68eeb3005e6e1c19d4af7b3a3848dda4fe2436a10a8db34dd7fb48346a8b5ebce39d18a370a3a2218bad02c29f2f57d430497a2	common_voice_pa-IN_21983951.mp3	ਧੰਨਿ ਧੰਨਿ ਹਮਾਰੇ ਭਾਗ ਘਰਿ ਆਇਆ ਪਿਰੁ ਮੇਰਾ	2	0	fourties	male		pa-IN	
ae5d7964ae1cf5548b443f16e68eeb3005e6e1c19d4af7b3a3848dda4fe2436a10a8db34dd7fb48346a8b5ebce39d18a370a3a2218bad02c29f2f57d430497a2	common_voice_pa-IN_21983952.mp3	ਭਾਅ ਜੀ ਗੁਰਸ਼ਰਨ ਸਿੰਘ ਦੀ ਯਾਦ ਵਿੱਚ	2	0	fourties	male		pa-IN	
ae5d7964ae1cf5548b443f16e68eeb3005e6e1c19d4af7b3a3848dda4fe2436a10a8db34dd7fb48346a8b5ebce39d18a370a3a2218bad02c29f2f57d430497a2	common_voice_pa-IN_21983953.mp3	ਬਹੁਤ ਵਿਰਾਇਆ ਮੋਢੇ ਲਾ ਵਿਰਦਾ ਨਹੀਂ	2	0	fourties	male		pa-IN	
ae5d7964ae1cf5548b443f16e68eeb3005e6e1c19d4af7b3a3848dda4fe2436a10a8db34dd7fb48346a8b5ebce39d18a370a3a2218bad02c29f2f57d430497a2	common_voice_pa-IN_21983955.mp3	ਬਾਅਦ ਵਿਚ ਉਹ ਮਹਾਂਭਾਰਤ ਸੀਰੀਅਲ ਦਾ ਭੀਮ ਬਣਿਆ	2	1	fourties	male		pa-IN	
ae5d7964ae1cf5548b443f16e68eeb3005e6e1c19d4af7b3a3848dda4fe2436a10a8db34dd7fb48346a8b5ebce39d18a370a3a2218bad02c29f2f57d430497a2	common_voice_pa-IN_21984028.mp3	ਕਾਲਜ ਵੀ ਤੰਗ ਜਿਹੀ ਥਾਂ ਸੀ	2	0	fourties	male		pa-IN	
ae5d7964ae1cf5548b443f16e68eeb3005e6e1c19d4af7b3a3848dda4fe2436a10a8db34dd7fb48346a8b5ebce39d18a370a3a2218bad02c29f2f57d430497a2	common_voice_pa-IN_21984029.mp3	ਜਵਾਬ ਸੌ ਫੀਸਦੀ ਅਸਲੀਅਤ ਹੈ ਜੀ	2	0	fourties	male		pa-IN	
ae5d7964ae1cf5548b443f16e68eeb3005e6e1c19d4af7b3a3848dda4fe2436a10a8db34dd7fb48346a8b5ebce39d18a370a3a2218bad02c29f2f57d430497a2	common_voice_pa-IN_21984031.mp3	ਸਾਈਕਲ ਤੇ ਸਕੂਟਰ ਵੀ ਬਹੁਤ ਚਲਾਏ ਹਨ	2	1	fourties	male		pa-IN	
ae5d7964ae1cf5548b443f16e68eeb3005e6e1c19d4af7b3a3848dda4fe2436a10a8db34dd7fb48346a8b5ebce39d18a370a3a2218bad02c29f2f57d430497a2	common_voice_pa-IN_21984032.mp3	ਵੋਟਾਂ ਅਕਾਲੀਆਂ ਨੂੰ ਪਾਉਣ ਦੀ ਸ਼ਰਤ ਤੇ ਮੰਨ ਸਕਦੇ ਹਾਂ	2	1	fourties	male		pa-IN	
ae5d7964ae1cf5548b443f16e68eeb3005e6e1c19d4af7b3a3848dda4fe2436a10a8db34dd7fb48346a8b5ebce39d18a370a3a2218bad02c29f2f57d430497a2	common_voice_pa-IN_21984033.mp3	ਅੱਗੇ ਗੱਲ ਇਕ ਹੋਰ ਕੱਪ ਦੀ ਕਰਦੇ ਹਾਂ	2	1	fourties	male		pa-IN	
ae5d7964ae1cf5548b443f16e68eeb3005e6e1c19d4af7b3a3848dda4fe2436a10a8db34dd7fb48346a8b5ebce39d18a370a3a2218bad02c29f2f57d430497a2	common_voice_pa-IN_21984154.mp3	ਭੈਅ ਵਿੱਚ ਸੂਰਜ ਭੈਅ ਵਿੱਚ ਚੰਦ	2	0	fourties	male		pa-IN	
ae5d7964ae1cf5548b443f16e68eeb3005e6e1c19d4af7b3a3848dda4fe2436a10a8db34dd7fb48346a8b5ebce39d18a370a3a2218bad02c29f2f57d430497a2	common_voice_pa-IN_21984156.mp3	ਪਰ ਅਗਰ ਸਰਕਾਰ ਪੈਨਸ਼ਨ ਵਧਾ ਦਿੰਦੀ ਹੈ ਤਾਂ ਕਦੇ ਲੱਡੂ ਨਹੀਂ ਵੰਡਦੇ	2	0	fourties	male		pa-IN	
ae5d7964ae1cf5548b443f16e68eeb3005e6e1c19d4af7b3a3848dda4fe2436a10a8db34dd7fb48346a8b5ebce39d18a370a3a2218bad02c29f2f57d430497a2	common_voice_pa-IN_21984160.mp3	ਉਨਾਂ ਕਿਹਾ ਕਿ ਕੁੱਝ ਗਾਹਕ ਵੀ ਪੈਸੇ ਲੇਟ ਕਰ ਦਿੰਦੇ ਹਨ	2	0	fourties	male		pa-IN	
ae5d7964ae1cf5548b443f16e68eeb3005e6e1c19d4af7b3a3848dda4fe2436a10a8db34dd7fb48346a8b5ebce39d18a370a3a2218bad02c29f2f57d430497a2	common_voice_pa-IN_21984162.mp3	ਫ਼ਰਜ਼ੀ ਪੂਜਾ ਦਾ ਢੋਂਗ ਰਚਾ ਨਾ ਬਹਿ	2	0	fourties	male		pa-IN	
ae5d7964ae1cf5548b443f16e68eeb3005e6e1c19d4af7b3a3848dda4fe2436a10a8db34dd7fb48346a8b5ebce39d18a370a3a2218bad02c29f2f57d430497a2	common_voice_pa-IN_21984164.mp3	ਇਸ ਗੱਲ ਦਾ ਮੈਨੂੰ ਸਦਾ ਅਫ਼ਸੋਸ ਹੈ ਤੇ ਰਹੇਗਾ	2	1	fourties	male		pa-IN	
ae5d7964ae1cf5548b443f16e68eeb3005e6e1c19d4af7b3a3848dda4fe2436a10a8db34dd7fb48346a8b5ebce39d18a370a3a2218bad02c29f2f57d430497a2	common_voice_pa-IN_21984222.mp3	ਕਿਰਤ ਕਰਨ ਤੇ ਵੰਡ ਛਕਣ ਦਾ ਧਰਮ ਕਰੀਂ	2	0	fourties	male		pa-IN	
ae5d7964ae1cf5548b443f16e68eeb3005e6e1c19d4af7b3a3848dda4fe2436a10a8db34dd7fb48346a8b5ebce39d18a370a3a2218bad02c29f2f57d430497a2	common_voice_pa-IN_21984223.mp3	ਇਹ ਤਾਂ ਫਿਫਟੀ ਫਿਫਟੀ ਦਾ ਮਾਮਲਾ ਹੈ	2	0	fourties	male		pa-IN	
ae5d7964ae1cf5548b443f16e68eeb3005e6e1c19d4af7b3a3848dda4fe2436a10a8db34dd7fb48346a8b5ebce39d18a370a3a2218bad02c29f2f57d430497a2	common_voice_pa-IN_21984224.mp3	ਜਿੰਦੇ ਨੇ ਟੀਕਾ ਨਹੀਂ ਸੀ ਲਵਾਇਆ	2	0	fourties	male		pa-IN	
ae5d7964ae1cf5548b443f16e68eeb3005e6e1c19d4af7b3a3848dda4fe2436a10a8db34dd7fb48346a8b5ebce39d18a370a3a2218bad02c29f2f57d430497a2	common_voice_pa-IN_21984225.mp3	ਕੋਈ ਨਜ਼ਰ ਵੀ ਐਸੀ ਦੇਖੀ ਨਾ	2	0	fourties	male		pa-IN	
ae5d7964ae1cf5548b443f16e68eeb3005e6e1c19d4af7b3a3848dda4fe2436a10a8db34dd7fb48346a8b5ebce39d18a370a3a2218bad02c29f2f57d430497a2	common_voice_pa-IN_21984226.mp3	ਇਹ ਟੋਰੀਆਂ ਦੀ ਪੱਕੀ ਸੀਟ ਹੈ	2	0	fourties	male		pa-IN	
ae5d7964ae1cf5548b443f16e68eeb3005e6e1c19d4af7b3a3848dda4fe2436a10a8db34dd7fb48346a8b5ebce39d18a370a3a2218bad02c29f2f57d430497a2	common_voice_pa-IN_21984324.mp3	ਬੱਚਾ ਕੁਦਰਤ ਦਾ ਅਨਮੋਲ ਤੋਹਫਾ ਹੁੰਦਾ ਹੈ	2	0	fourties	male		pa-IN	
ae5d7964ae1cf5548b443f16e68eeb3005e6e1c19d4af7b3a3848dda4fe2436a10a8db34dd7fb48346a8b5ebce39d18a370a3a2218bad02c29f2f57d430497a2	common_voice_pa-IN_21984328.mp3	ਢੁੱਡੀਕੇ ਦੀ ਥਾਂ ਮੇਰੇ ਕਰਮਾਂ ਵਿਚ ਮੁਕੰਦਪੁਰ ਕਾਲਜ ਦੀ ਪ੍ਰਿੰਸੀਪਲੀ ਲਿਖੀ ਸੀ	2	0	fourties	male		pa-IN	
ae5d7964ae1cf5548b443f16e68eeb3005e6e1c19d4af7b3a3848dda4fe2436a10a8db34dd7fb48346a8b5ebce39d18a370a3a2218bad02c29f2f57d430497a2	common_voice_pa-IN_21984331.mp3	ਵਰਤਮਾਨ ਦਾ ਪਲ ਇੱਕ ਮਾਤਰ ਅਸਤਿਤੱਵ ਹੈ	2	0	fourties	male		pa-IN	
ae5d7964ae1cf5548b443f16e68eeb3005e6e1c19d4af7b3a3848dda4fe2436a10a8db34dd7fb48346a8b5ebce39d18a370a3a2218bad02c29f2f57d430497a2	common_voice_pa-IN_21984333.mp3	ਤੋਂ ਉਹ ਲਗਾਤਾਰ ਲਿਖ ਰਿਹੈ	2	0	fourties	male		pa-IN	
ae5d7964ae1cf5548b443f16e68eeb3005e6e1c19d4af7b3a3848dda4fe2436a10a8db34dd7fb48346a8b5ebce39d18a370a3a2218bad02c29f2f57d430497a2	common_voice_pa-IN_21984336.mp3	ਸਾਹੀ ਲਗਾਤਾਰ ਕਬੱਡੀ ਕਬੱਡੀ ਬੋਲਦਾ ਸੀ	2	0	fourties	male		pa-IN	
ae5d7964ae1cf5548b443f16e68eeb3005e6e1c19d4af7b3a3848dda4fe2436a10a8db34dd7fb48346a8b5ebce39d18a370a3a2218bad02c29f2f57d430497a2	common_voice_pa-IN_21984421.mp3	ਗੇਟ ਅੱਗੇ ਰੰਗ ਬਰੰਗੇ ਭੁਕਾਨੇ ਲਟਕਾਏ ਹੋਏ ਸਨ	2	0	fourties	male		pa-IN	
ae5d7964ae1cf5548b443f16e68eeb3005e6e1c19d4af7b3a3848dda4fe2436a10a8db34dd7fb48346a8b5ebce39d18a370a3a2218bad02c29f2f57d430497a2	common_voice_pa-IN_21984428.mp3	ਰਾਜ ਕੁਮਾਰੀ ਬਹੁਤ ਹੀ ਪ੍ਰੇਸ਼ਾਨ ਹੈ	2	0	fourties	male		pa-IN	
ae5d7964ae1cf5548b443f16e68eeb3005e6e1c19d4af7b3a3848dda4fe2436a10a8db34dd7fb48346a8b5ebce39d18a370a3a2218bad02c29f2f57d430497a2	common_voice_pa-IN_21984434.mp3	ਬੱਚੇ ਤੇ ਹੱਥ ਨਹੀਂ ਚੁੱਕਣਾ ਚਾਹੀਦਾ	2	0	fourties	male		pa-IN	
ae5d7964ae1cf5548b443f16e68eeb3005e6e1c19d4af7b3a3848dda4fe2436a10a8db34dd7fb48346a8b5ebce39d18a370a3a2218bad02c29f2f57d430497a2	common_voice_pa-IN_21984440.mp3	ਕੁੱਲ ਖਰਚਾ ਬਿਲੀਅਨ ਡਾਲਰ ਪ੍ਰਾਪਤੀ ਜ਼ੀਰੋ	2	0	fourties	male		pa-IN	
ae5d7964ae1cf5548b443f16e68eeb3005e6e1c19d4af7b3a3848dda4fe2436a10a8db34dd7fb48346a8b5ebce39d18a370a3a2218bad02c29f2f57d430497a2	common_voice_pa-IN_21984683.mp3	ਸਿਖ਼ਰ ਦੁਪਹਿਰਾਂ ਵਾਂਗ ਸਾਡਾ ਇਹ ਹਾਲ ਸੀ	2	0	fourties	male		pa-IN	
ae5d7964ae1cf5548b443f16e68eeb3005e6e1c19d4af7b3a3848dda4fe2436a10a8db34dd7fb48346a8b5ebce39d18a370a3a2218bad02c29f2f57d430497a2	common_voice_pa-IN_21984695.mp3	ਫਿਰ ਉਹਦੇ ਮੂੰਹੋਂ ਪੈਗ਼ੰਬਰੀ ਬੋਲ ਨਿਕਲਦੇ ਹਨ	2	0	fourties	male		pa-IN	
ae5d7964ae1cf5548b443f16e68eeb3005e6e1c19d4af7b3a3848dda4fe2436a10a8db34dd7fb48346a8b5ebce39d18a370a3a2218bad02c29f2f57d430497a2	common_voice_pa-IN_21984796.mp3	ਦਾਦਾ ਦਾਦੀ ਨਾਨਾ ਨਾਨੀ ਨੇ ਕੀ ਨਹੀਂ ਕੀਤਾ ਤੁਹਾਡੇ ਲਈ	2	0	fourties	male		pa-IN	
ae5d7964ae1cf5548b443f16e68eeb3005e6e1c19d4af7b3a3848dda4fe2436a10a8db34dd7fb48346a8b5ebce39d18a370a3a2218bad02c29f2f57d430497a2	common_voice_pa-IN_21984797.mp3	ਰੁੱਤਾਂ ਦਾ ਰੱਜਵਾਂ ਚੀਰ ਹਰਣ ਹੋਇਆ	2	0	fourties	male		pa-IN	
ae5d7964ae1cf5548b443f16e68eeb3005e6e1c19d4af7b3a3848dda4fe2436a10a8db34dd7fb48346a8b5ebce39d18a370a3a2218bad02c29f2f57d430497a2	common_voice_pa-IN_21984798.mp3	ਇਸ ਮਗਰੋਂ ਮਾਈਕ ਹਰਭਜਨ ਮਾਨ ਨੇ ਸੰਭਾਲਿਆ	2	0	fourties	male		pa-IN	
ae5d7964ae1cf5548b443f16e68eeb3005e6e1c19d4af7b3a3848dda4fe2436a10a8db34dd7fb48346a8b5ebce39d18a370a3a2218bad02c29f2f57d430497a2	common_voice_pa-IN_21984803.mp3	ਪ੍ਰੋਫੈਸਰ ਪੰਜਾਬੀ ਵਿਭਾਗ ਤੇ ਡਾਇਰੈਕਟਰ ਯੁਵਕ ਭਲਾਈ	2	0	fourties	male		pa-IN	
ae5d7964ae1cf5548b443f16e68eeb3005e6e1c19d4af7b3a3848dda4fe2436a10a8db34dd7fb48346a8b5ebce39d18a370a3a2218bad02c29f2f57d430497a2	common_voice_pa-IN_21984810.mp3	ਪੂਰਾ ਆਸ਼੍ਰਮ ਹੈਰਾਨ ਹੋਇਆ	2	0	fourties	male		pa-IN	
ae5d7964ae1cf5548b443f16e68eeb3005e6e1c19d4af7b3a3848dda4fe2436a10a8db34dd7fb48346a8b5ebce39d18a370a3a2218bad02c29f2f57d430497a2	common_voice_pa-IN_21984914.mp3	ਜਿਸ ਤੋਂ ਬਾਅਦ ਉਕਤ ਸਾਰੀ ਘਟਨਾ ਵਾਪਰੀ	2	0	fourties	male		pa-IN	
ae5d7964ae1cf5548b443f16e68eeb3005e6e1c19d4af7b3a3848dda4fe2436a10a8db34dd7fb48346a8b5ebce39d18a370a3a2218bad02c29f2f57d430497a2	common_voice_pa-IN_21984920.mp3	ਜਿਸ ਸੱਭ ਦਾ ਨਤੀਜਾ ਕਸ਼ਮੀਰੀ ਲੋਕਾਂ ਨੂੰ ਭੁਗਤਣਾ ਪਿਆ ਹੈ	2	1	fourties	male		pa-IN	
ae5d7964ae1cf5548b443f16e68eeb3005e6e1c19d4af7b3a3848dda4fe2436a10a8db34dd7fb48346a8b5ebce39d18a370a3a2218bad02c29f2f57d430497a2	common_voice_pa-IN_21984928.mp3	ਪਰ ਪਤਾ ਨਹੀਂ ਉਹ ਕਿੰਨੀ ਦੂਰ ਸਨ	2	0	fourties	male		pa-IN	
ae5d7964ae1cf5548b443f16e68eeb3005e6e1c19d4af7b3a3848dda4fe2436a10a8db34dd7fb48346a8b5ebce39d18a370a3a2218bad02c29f2f57d430497a2	common_voice_pa-IN_21984938.mp3	ਧਰਤੀ ਸੂਰਜ ਤੇ ਚੰਦ ਤਾਰੇ ਉਹਦੇ ਖਿਡਾਰੀ ਹਨ	2	0	fourties	male		pa-IN	
ae5d7964ae1cf5548b443f16e68eeb3005e6e1c19d4af7b3a3848dda4fe2436a10a8db34dd7fb48346a8b5ebce39d18a370a3a2218bad02c29f2f57d430497a2	common_voice_pa-IN_21984948.mp3	ਬਿਮਾਰ ਤੰਦਰੁਸਤ ਅਮੀਰ ਗਰੀਬ ਹੋ ਗਿਆ	2	0	fourties	male		pa-IN	
ae5d7964ae1cf5548b443f16e68eeb3005e6e1c19d4af7b3a3848dda4fe2436a10a8db34dd7fb48346a8b5ebce39d18a370a3a2218bad02c29f2f57d430497a2	common_voice_pa-IN_21985021.mp3	ਢੁੱਡੀਕੇ ਪਹੁੰਚੇ ਤਾਂ ਰੋਟੀ ਟੁੱਕ ਤਿਆਰ ਸੀ	2	0	fourties	male		pa-IN	
ae5d7964ae1cf5548b443f16e68eeb3005e6e1c19d4af7b3a3848dda4fe2436a10a8db34dd7fb48346a8b5ebce39d18a370a3a2218bad02c29f2f57d430497a2	common_voice_pa-IN_21985025.mp3	ਉਹਦੀ ਸ਼ਾਮ ਬੜੀ ਰੰਗੀਨ ਹੁੰਦੀ ਸੀ	2	0	fourties	male		pa-IN	
ae5d7964ae1cf5548b443f16e68eeb3005e6e1c19d4af7b3a3848dda4fe2436a10a8db34dd7fb48346a8b5ebce39d18a370a3a2218bad02c29f2f57d430497a2	common_voice_pa-IN_21985029.mp3	ਚਲੋ ਇਨ੍ਹਾਂ ਲੀਡਰਾਂ ਭੁੱਲ ਮੰਨੀ ਤਾਂ ਸਹੀ	2	0	fourties	male		pa-IN	
ae5d7964ae1cf5548b443f16e68eeb3005e6e1c19d4af7b3a3848dda4fe2436a10a8db34dd7fb48346a8b5ebce39d18a370a3a2218bad02c29f2f57d430497a2	common_voice_pa-IN_21985033.mp3	ਉਸ ਦੀ ਕੁਮੈਂਟਰੀ ਵਿਚ ਹਾਸਾ ਖੇਡਾ ਵੀ ਚਲਦੈ	2	0	fourties	male		pa-IN	
ae5d7964ae1cf5548b443f16e68eeb3005e6e1c19d4af7b3a3848dda4fe2436a10a8db34dd7fb48346a8b5ebce39d18a370a3a2218bad02c29f2f57d430497a2	common_voice_pa-IN_21985036.mp3	ਇਹ ਉਮਰ ਬਗਾਵਤ ਵਾਲੀ ਹੁੰਦੀ ਹੈ	2	0	fourties	male		pa-IN	
ae5d7964ae1cf5548b443f16e68eeb3005e6e1c19d4af7b3a3848dda4fe2436a10a8db34dd7fb48346a8b5ebce39d18a370a3a2218bad02c29f2f57d430497a2	common_voice_pa-IN_21985220.mp3	ਸਤਿਕਾਰ ਯੋਗ ਸੰਪਾਦਕ ਜੀ ਸਤਿ ਸ੍ਰੀ ਅਕਾਲ	2	0	fourties	male		pa-IN	
ae5d7964ae1cf5548b443f16e68eeb3005e6e1c19d4af7b3a3848dda4fe2436a10a8db34dd7fb48346a8b5ebce39d18a370a3a2218bad02c29f2f57d430497a2	common_voice_pa-IN_21985226.mp3	ਇਹ ਆਖ ਕੇ ਪਰਿੰਦਾ ਰਸੋਈ ਵੱਲ ਗਿਆ	2	0	fourties	male		pa-IN	
ae5d7964ae1cf5548b443f16e68eeb3005e6e1c19d4af7b3a3848dda4fe2436a10a8db34dd7fb48346a8b5ebce39d18a370a3a2218bad02c29f2f57d430497a2	common_voice_pa-IN_21985228.mp3	ਇਹੀ ਰਾਸ਼ਟਰਪਤੀ ਜ਼ਰਦਾਰੀ ਅਤੇ ਉਨ੍ਹਾਂ ਦਾ ਸੰਦੇਸ਼ ਹੈ	2	0	fourties	male		pa-IN	
ae5d7964ae1cf5548b443f16e68eeb3005e6e1c19d4af7b3a3848dda4fe2436a10a8db34dd7fb48346a8b5ebce39d18a370a3a2218bad02c29f2f57d430497a2	common_voice_pa-IN_21985229.mp3	ਉਹਨਾਂ ਦਿਨਾਂ ਦੀਆਂ ਯਾਦਾਂ ਅਭੁੱਲ ਹਨ	2	1	fourties	male		pa-IN	
7f7409f3368911ccc8afdc92995c6b5c2f989c1a492c14b182159fb2c8cf93327378a5c076f72ee4594548c717c4e9c7ef091993a864511adf98c7a8abdaad95	common_voice_pa-IN_22929931.mp3	ਉਹਦਾ ਹਿਸਾਬ ਵੀ ਪੁੱਠੀ ਜ਼ਨਾਨੀ ਵਰਗਾ ਸੀ	2	0	twenties	male		pa-IN	
7f7409f3368911ccc8afdc92995c6b5c2f989c1a492c14b182159fb2c8cf93327378a5c076f72ee4594548c717c4e9c7ef091993a864511adf98c7a8abdaad95	common_voice_pa-IN_22929934.mp3	ਕੁੱਝ ਧਿਆਨਯੋਗ ਗੱਲਾਂ ਇਸ ਤਰ੍ਹਾਂ ਹਨ	2	0	twenties	male		pa-IN	
7f7409f3368911ccc8afdc92995c6b5c2f989c1a492c14b182159fb2c8cf93327378a5c076f72ee4594548c717c4e9c7ef091993a864511adf98c7a8abdaad95	common_voice_pa-IN_22929943.mp3	ਮਾਪਿਆਂ ਦੇ ਘਰ ਦੀ ਖੈਰ ਮੰਗਦੀ ਹਾਂ	2	0	twenties	male		pa-IN	
7f7409f3368911ccc8afdc92995c6b5c2f989c1a492c14b182159fb2c8cf93327378a5c076f72ee4594548c717c4e9c7ef091993a864511adf98c7a8abdaad95	common_voice_pa-IN_22929946.mp3	ਭਾਈ ਸਾਹਿਬ ਲੱਕੜੀ ਦਾ ਕੰਮ ਕਰਦੇ ਸਨ	2	0	twenties	male		pa-IN	
7f7409f3368911ccc8afdc92995c6b5c2f989c1a492c14b182159fb2c8cf93327378a5c076f72ee4594548c717c4e9c7ef091993a864511adf98c7a8abdaad95	common_voice_pa-IN_22929947.mp3	ਜਗਤਾਰ ਸਰਵ ਹਾਰੇ ਦੱਬੇ ਕੁਚਲੇ ਨਿਆਸਰੇ ਲੋਕਾਂ ਦੀ ਆਵਾਜ਼ ਬਣਿਆ	2	1	twenties	male		pa-IN	
7f7409f3368911ccc8afdc92995c6b5c2f989c1a492c14b182159fb2c8cf93327378a5c076f72ee4594548c717c4e9c7ef091993a864511adf98c7a8abdaad95	common_voice_pa-IN_22929948.mp3	ਯੂਨਿਟ ਤੋਂ ਵੱਧ	2	0	twenties	male		pa-IN	
7f7409f3368911ccc8afdc92995c6b5c2f989c1a492c14b182159fb2c8cf93327378a5c076f72ee4594548c717c4e9c7ef091993a864511adf98c7a8abdaad95	common_voice_pa-IN_22929950.mp3	ਨੇਰ੍ਹੇ ਵਿਚ ਕਿਰਸਾਨ ਜਗਾ ਲਉ ਬੱਤੀਆਂ	2	0	twenties	male		pa-IN	
7f7409f3368911ccc8afdc92995c6b5c2f989c1a492c14b182159fb2c8cf93327378a5c076f72ee4594548c717c4e9c7ef091993a864511adf98c7a8abdaad95	common_voice_pa-IN_22929951.mp3	ਦਾੜ੍ਹੀ ਭਾਵੇਂ ਬੱਗੀ ਸੀ ਪਰ ਦਿਲ ਜਵਾਨ ਸੀ	2	0	twenties	male		pa-IN	
7f7409f3368911ccc8afdc92995c6b5c2f989c1a492c14b182159fb2c8cf93327378a5c076f72ee4594548c717c4e9c7ef091993a864511adf98c7a8abdaad95	common_voice_pa-IN_22929953.mp3	ਇੱਥੇ ਕੁਝ ਵੀ ਉਹਨਾਂ ਦੇ ਹੱਕ ਵਿੱਚ ਨਹੀਂ	2	0	twenties	male		pa-IN	
7f7409f3368911ccc8afdc92995c6b5c2f989c1a492c14b182159fb2c8cf93327378a5c076f72ee4594548c717c4e9c7ef091993a864511adf98c7a8abdaad95	common_voice_pa-IN_22929954.mp3	ਬਾਕੀਆਂ ਦੇ ਹਿੱਸੇ ਸੀਟਾਂ ਆਈਆਂ	2	0	twenties	male		pa-IN	
7f7409f3368911ccc8afdc92995c6b5c2f989c1a492c14b182159fb2c8cf93327378a5c076f72ee4594548c717c4e9c7ef091993a864511adf98c7a8abdaad95	common_voice_pa-IN_22929955.mp3	ਦਬਾਵ ਪੁਇੰਟਾਂ ਦਾ ਅਰਾਮ	2	0	twenties	male		pa-IN	
7f7409f3368911ccc8afdc92995c6b5c2f989c1a492c14b182159fb2c8cf93327378a5c076f72ee4594548c717c4e9c7ef091993a864511adf98c7a8abdaad95	common_voice_pa-IN_22929957.mp3	ਬੱਸ ਛੇੜ ਦੇਵੇ ਸੁੱਤੇ ਪਏ ਦਰਦਾਂ ਨੂੰ	2	0	twenties	male		pa-IN	
7f7409f3368911ccc8afdc92995c6b5c2f989c1a492c14b182159fb2c8cf93327378a5c076f72ee4594548c717c4e9c7ef091993a864511adf98c7a8abdaad95	common_voice_pa-IN_22929960.mp3	ਆਪਣੀ ਪ੍ਰੰਪਰਾ ਹੀ ਨਾ ਬਦਲ ਸਕੀ	2	0	twenties	male		pa-IN	
7f7409f3368911ccc8afdc92995c6b5c2f989c1a492c14b182159fb2c8cf93327378a5c076f72ee4594548c717c4e9c7ef091993a864511adf98c7a8abdaad95	common_voice_pa-IN_22929961.mp3	ਉਨ੍ਹਾਂ ਨੇ ਗੁਰਸ਼ਰਨ ਸਿੰਘ ਨੂੰ ਮਹਾਨ ਕਲਾਕਾਰ ਕਿਹਾ	2	0	twenties	male		pa-IN	
7f7409f3368911ccc8afdc92995c6b5c2f989c1a492c14b182159fb2c8cf93327378a5c076f72ee4594548c717c4e9c7ef091993a864511adf98c7a8abdaad95	common_voice_pa-IN_22929964.mp3	ਪਰ ਇਸ ਵਿਚ ਮੇਰਾ ਕੀ ਕਸੂਰ ਹੈ	2	0	twenties	male		pa-IN	
7f7409f3368911ccc8afdc92995c6b5c2f989c1a492c14b182159fb2c8cf93327378a5c076f72ee4594548c717c4e9c7ef091993a864511adf98c7a8abdaad95	common_voice_pa-IN_22929967.mp3	ਆਹ ਸ਼ਾਹਰੁੱਖ ਨੂੰ ਸੱਦਣਾ ਸਮਝ ਨਹੀਂ ਆਇਆ	2	0	twenties	male		pa-IN	
7f7409f3368911ccc8afdc92995c6b5c2f989c1a492c14b182159fb2c8cf93327378a5c076f72ee4594548c717c4e9c7ef091993a864511adf98c7a8abdaad95	common_voice_pa-IN_22929968.mp3	ਅਸੀਂ ਦੋਨੋਂ ਦੋਸਤ ਟੀ ਵੀ ਵੇਖਣ ਲੱਗ ਪਏ	2	0	twenties	male		pa-IN	
7f7409f3368911ccc8afdc92995c6b5c2f989c1a492c14b182159fb2c8cf93327378a5c076f72ee4594548c717c4e9c7ef091993a864511adf98c7a8abdaad95	common_voice_pa-IN_22929969.mp3	ਗਹਿਰ ਗੰਭੀਰ ਇਹ ਬਾਬੇ ਫਰੀਦ ਵਰਗੀ	2	0	twenties	male		pa-IN	
7f7409f3368911ccc8afdc92995c6b5c2f989c1a492c14b182159fb2c8cf93327378a5c076f72ee4594548c717c4e9c7ef091993a864511adf98c7a8abdaad95	common_voice_pa-IN_22930076.mp3	ਆਪ ਮਾੜੇ ਸਮੇਂ ਨਾਲ ਲੜਨਾਂ ਸਿੱਖ ਜਾਈਏ	2	0	twenties	male		pa-IN	
7f7409f3368911ccc8afdc92995c6b5c2f989c1a492c14b182159fb2c8cf93327378a5c076f72ee4594548c717c4e9c7ef091993a864511adf98c7a8abdaad95	common_voice_pa-IN_22930077.mp3	ਰਣਬੀਰ ਹੱਸ ਕੇ ਚੁੱਪ ਕਰ ਗਿਆ	2	0	twenties	male		pa-IN	
7f7409f3368911ccc8afdc92995c6b5c2f989c1a492c14b182159fb2c8cf93327378a5c076f72ee4594548c717c4e9c7ef091993a864511adf98c7a8abdaad95	common_voice_pa-IN_22930086.mp3	ਮੋਰੀ ਰੁਣ ਝੁਣ ਲਾਇਆ ਭੈਣੇ ਸਾਵਣ ਆਇਆ	2	0	twenties	male		pa-IN	
7f7409f3368911ccc8afdc92995c6b5c2f989c1a492c14b182159fb2c8cf93327378a5c076f72ee4594548c717c4e9c7ef091993a864511adf98c7a8abdaad95	common_voice_pa-IN_22930087.mp3	ਨਾ ਹੀ ਕਿਸੇ ਕਿਸਮ ਦੇ ਲਾਲਚ ਜਾਂ ਨਸ਼ਿਆਂ ਦੀ ਵੰਡ ਹੋਵੇਗੀ	2	0	twenties	male		pa-IN	
7f7409f3368911ccc8afdc92995c6b5c2f989c1a492c14b182159fb2c8cf93327378a5c076f72ee4594548c717c4e9c7ef091993a864511adf98c7a8abdaad95	common_voice_pa-IN_22930097.mp3	ਮੱਕਾ ਅਰਬ ਦੇਸ਼ ਦਾ ਅੰਤਰਰਾਸ਼ਟਰੀ ਪ੍ਰਸਿੱਧ ਸ਼ਹਿਰ ਹੈ	2	1	twenties	male		pa-IN	
7f7409f3368911ccc8afdc92995c6b5c2f989c1a492c14b182159fb2c8cf93327378a5c076f72ee4594548c717c4e9c7ef091993a864511adf98c7a8abdaad95	common_voice_pa-IN_22930233.mp3	ਬਾਜਾਂ ਵਾਲਾ ਫਿਰ ਲੈ ਪੈਗਾਮ ਆਇਆ	2	0	twenties	male		pa-IN	
7f7409f3368911ccc8afdc92995c6b5c2f989c1a492c14b182159fb2c8cf93327378a5c076f72ee4594548c717c4e9c7ef091993a864511adf98c7a8abdaad95	common_voice_pa-IN_22930236.mp3	ਰਾਲੇਗਾਓਂ ਬਿਊਰੋ ਨਿਊਜ਼	2	0	twenties	male		pa-IN	
7f7409f3368911ccc8afdc92995c6b5c2f989c1a492c14b182159fb2c8cf93327378a5c076f72ee4594548c717c4e9c7ef091993a864511adf98c7a8abdaad95	common_voice_pa-IN_22930237.mp3	ਫੇਰ ਨਵੀਂਆਂ ਰਾਜਨੀਤਕ ਸਮੱਸਿਆਵਾਂ ਸ਼ੁਰੂ ਹੋ ਗਈਆਂ	2	0	twenties	male		pa-IN	
7f7409f3368911ccc8afdc92995c6b5c2f989c1a492c14b182159fb2c8cf93327378a5c076f72ee4594548c717c4e9c7ef091993a864511adf98c7a8abdaad95	common_voice_pa-IN_22930240.mp3	ਦਿਲਚਸਪ ਗੱਲਾਂ ਗੱਲ ਰਸ ਨਾਲ ਭਰਪੂਰ ਹੁੰਦੀਆਂ	2	0	twenties	male		pa-IN	
7f7409f3368911ccc8afdc92995c6b5c2f989c1a492c14b182159fb2c8cf93327378a5c076f72ee4594548c717c4e9c7ef091993a864511adf98c7a8abdaad95	common_voice_pa-IN_22930249.mp3	ਮੇਰੇ ਲਈ ਉਹ ਬੜੀ ਵਿਲੱਖਣ ਸੀ	2	0	twenties	male		pa-IN	
7f7409f3368911ccc8afdc92995c6b5c2f989c1a492c14b182159fb2c8cf93327378a5c076f72ee4594548c717c4e9c7ef091993a864511adf98c7a8abdaad95	common_voice_pa-IN_22930251.mp3	ਭਗਤ ਸਿੰਘ ਰਾਜਗੁਰੂ ਸੁਖਦੇਵ	2	0	twenties	male		pa-IN	
7f7409f3368911ccc8afdc92995c6b5c2f989c1a492c14b182159fb2c8cf93327378a5c076f72ee4594548c717c4e9c7ef091993a864511adf98c7a8abdaad95	common_voice_pa-IN_22936662.mp3	ਆਪਣੇ ਨਹੁੰਆਂ ਨੂੰ ਚੰਗੀ ਸ਼ੇਪ ਦਿਓ	2	1	twenties	male		pa-IN	
7f7409f3368911ccc8afdc92995c6b5c2f989c1a492c14b182159fb2c8cf93327378a5c076f72ee4594548c717c4e9c7ef091993a864511adf98c7a8abdaad95	common_voice_pa-IN_22936663.mp3	ਉਹ ਉਸ ਵੱਲ ਪਿੱਠ ਕਰੀ ਪਈ ਸੀ	2	0	twenties	male		pa-IN	
7f7409f3368911ccc8afdc92995c6b5c2f989c1a492c14b182159fb2c8cf93327378a5c076f72ee4594548c717c4e9c7ef091993a864511adf98c7a8abdaad95	common_voice_pa-IN_22936667.mp3	ਕੋਈ ਵੀ ਨਵੇਂ ਰੋਜ਼ਗਾਰ ਪੈਦਾ ਨਹੀਂ ਹੋਏ	2	0	twenties	male		pa-IN	
7f7409f3368911ccc8afdc92995c6b5c2f989c1a492c14b182159fb2c8cf93327378a5c076f72ee4594548c717c4e9c7ef091993a864511adf98c7a8abdaad95	common_voice_pa-IN_22936676.mp3	ਮੈਨੂੰ ਤਾਂ ਰਸੋਈ ਦੇ ਕੰਮ ਬਾਰੇ	2	0	twenties	male		pa-IN	
7f7409f3368911ccc8afdc92995c6b5c2f989c1a492c14b182159fb2c8cf93327378a5c076f72ee4594548c717c4e9c7ef091993a864511adf98c7a8abdaad95	common_voice_pa-IN_22936679.mp3	ਲਾਟੀ ਦੀ ਦੁਕਾਨ ਤੇ ਬੈਠ ਕੇ ਚਾਹ ਪਾਣੀ ਛਕਦੇ	2	0	twenties	male		pa-IN	
7f7409f3368911ccc8afdc92995c6b5c2f989c1a492c14b182159fb2c8cf93327378a5c076f72ee4594548c717c4e9c7ef091993a864511adf98c7a8abdaad95	common_voice_pa-IN_22936680.mp3	ਗਰੀਬ ਬੰਦੇ ਧਰਮ ਦੀ ਆੜ ਵਿੱਚ ਮਰਵਾਉਂਦੇ ਹਨ	2	0	twenties	male		pa-IN	
7f7409f3368911ccc8afdc92995c6b5c2f989c1a492c14b182159fb2c8cf93327378a5c076f72ee4594548c717c4e9c7ef091993a864511adf98c7a8abdaad95	common_voice_pa-IN_22936681.mp3	ਅਰੁਣ ਸ਼ੋਰੀ ਵੀ ਭਾਜਪਾ ਦੇ ਖਿਲਾਫ਼ ਬੋਲਿਆ	2	0	twenties	male		pa-IN	
7f7409f3368911ccc8afdc92995c6b5c2f989c1a492c14b182159fb2c8cf93327378a5c076f72ee4594548c717c4e9c7ef091993a864511adf98c7a8abdaad95	common_voice_pa-IN_22936691.mp3	ਪੁਲਾੜ ਵਿੱਚ ਵੀ ਉਡਾਰੀਆਂ ਮਾਰ ਰਹੀਆਂ ਹਨ	2	0	twenties	male		pa-IN	
7f7409f3368911ccc8afdc92995c6b5c2f989c1a492c14b182159fb2c8cf93327378a5c076f72ee4594548c717c4e9c7ef091993a864511adf98c7a8abdaad95	common_voice_pa-IN_22936700.mp3	ਘੰਟੀਆਂ ਵੱਜਵੱਜ ਹੱਟ ਜਾਂਦੀਆਂ	2	0	twenties	male		pa-IN	
7f7409f3368911ccc8afdc92995c6b5c2f989c1a492c14b182159fb2c8cf93327378a5c076f72ee4594548c717c4e9c7ef091993a864511adf98c7a8abdaad95	common_voice_pa-IN_22936701.mp3	ਉਸ ਕੋਲ ਲੋਕ ਕਹਾਣੀਆਂ ਦਾ ਅਥਾਹ ਖ਼ਜ਼ਾਨਾ ਸੀ	2	0	twenties	male		pa-IN	
7f7409f3368911ccc8afdc92995c6b5c2f989c1a492c14b182159fb2c8cf93327378a5c076f72ee4594548c717c4e9c7ef091993a864511adf98c7a8abdaad95	common_voice_pa-IN_22936710.mp3	ਉਹ ਰਾਜ ਸਭਾ ਦਾ ਵੀ ਮੈਂਬਰ ਰਿਹਾ	2	0	twenties	male		pa-IN	
7f7409f3368911ccc8afdc92995c6b5c2f989c1a492c14b182159fb2c8cf93327378a5c076f72ee4594548c717c4e9c7ef091993a864511adf98c7a8abdaad95	common_voice_pa-IN_22936712.mp3	ਟਵਿਟਰ ਅਤੇ ਫੇਸਬੁੱਕ ਅੱਜ ਆਮ ਪ੍ਰਚੱਲਿਤ ਹਨ	2	0	twenties	male		pa-IN	
7f7409f3368911ccc8afdc92995c6b5c2f989c1a492c14b182159fb2c8cf93327378a5c076f72ee4594548c717c4e9c7ef091993a864511adf98c7a8abdaad95	common_voice_pa-IN_22936714.mp3	ਕਦੇ ਕਦੇ ਕੁੱਝ ਹੋਰ ਦੇਖਣ ਨੂੰ ਮਿਲਦਾ ਹੈ	2	0	twenties	male		pa-IN	
7f7409f3368911ccc8afdc92995c6b5c2f989c1a492c14b182159fb2c8cf93327378a5c076f72ee4594548c717c4e9c7ef091993a864511adf98c7a8abdaad95	common_voice_pa-IN_22936716.mp3	ਹਰਿ ਜੀਉ ਧੁਰਿ ਤੂ ਰਖਦਾ ਆਇਆ	2	0	twenties	male		pa-IN	
7f7409f3368911ccc8afdc92995c6b5c2f989c1a492c14b182159fb2c8cf93327378a5c076f72ee4594548c717c4e9c7ef091993a864511adf98c7a8abdaad95	common_voice_pa-IN_22936721.mp3	ਬੱਚਿਆਂ ਔਰਤਾਂ ਅਤੇ ਮਰਦਾਂ ਦੀਆਂ ਅਲਾਹੁਣੀਆਂ ਵੱਖ ਵੱਖ ਹਨ	2	1	twenties	male		pa-IN	
7f7409f3368911ccc8afdc92995c6b5c2f989c1a492c14b182159fb2c8cf93327378a5c076f72ee4594548c717c4e9c7ef091993a864511adf98c7a8abdaad95	common_voice_pa-IN_22936722.mp3	ਸ਼ੁਰੂ ਵਿਚ ਮੈਂ ਘਬਰਾ ਜਾਂਦਾ ਸਾਂ	2	0	twenties	male		pa-IN	
7f7409f3368911ccc8afdc92995c6b5c2f989c1a492c14b182159fb2c8cf93327378a5c076f72ee4594548c717c4e9c7ef091993a864511adf98c7a8abdaad95	common_voice_pa-IN_22936728.mp3	ਅਸੀਂ ਤਾਂ ਵੰਡੇ ਜਾ ਚੁੱਕੇ ਹਾਂ	2	0	twenties	male		pa-IN	
7f7409f3368911ccc8afdc92995c6b5c2f989c1a492c14b182159fb2c8cf93327378a5c076f72ee4594548c717c4e9c7ef091993a864511adf98c7a8abdaad95	common_voice_pa-IN_22936733.mp3	ਪਰ ਜਿਹੜੇ ਮੁੰਡਿਆਂ ਦੀ ਪੁਲੀਸ ਨੂੰ ਭਾਲ ਸੀ	2	1	twenties	male		pa-IN	
7f7409f3368911ccc8afdc92995c6b5c2f989c1a492c14b182159fb2c8cf93327378a5c076f72ee4594548c717c4e9c7ef091993a864511adf98c7a8abdaad95	common_voice_pa-IN_22936734.mp3	ਹੁਣ ਮੈਨੂੰ ਤੁਹਾਡੀ ਜਮੀਨ ਚਾਹੀਦੀ ਹੈ	2	1	twenties	male		pa-IN	
7f7409f3368911ccc8afdc92995c6b5c2f989c1a492c14b182159fb2c8cf93327378a5c076f72ee4594548c717c4e9c7ef091993a864511adf98c7a8abdaad95	common_voice_pa-IN_22936735.mp3	ਸਬਜੀਆਂ ਧੋਵੋ ਪਾ ਕੇ ਬਾਲਟੀ ਚ ਪਾਣੀ	2	1	twenties	male		pa-IN	
7f7409f3368911ccc8afdc92995c6b5c2f989c1a492c14b182159fb2c8cf93327378a5c076f72ee4594548c717c4e9c7ef091993a864511adf98c7a8abdaad95	common_voice_pa-IN_22952786.mp3	ਕੀ ਬਣੂੰ ਦੁਨੀਆਂ ਦਾ ਸੱਚੇ ਪਾਤਸ਼ਾਹ ਵਾਹਿਗੁਰੂ ਜਾਣੇ	2	0	twenties	male		pa-IN	
7f7409f3368911ccc8afdc92995c6b5c2f989c1a492c14b182159fb2c8cf93327378a5c076f72ee4594548c717c4e9c7ef091993a864511adf98c7a8abdaad95	common_voice_pa-IN_22952790.mp3	ਆਪਣੀ ਤੱਸਲੀ ਲਈ ਆਪ ਵੀ ਸਵੀਕਾਰ ਨਹੀਂ ਕਰਦੇ	2	1	twenties	male		pa-IN	
7f7409f3368911ccc8afdc92995c6b5c2f989c1a492c14b182159fb2c8cf93327378a5c076f72ee4594548c717c4e9c7ef091993a864511adf98c7a8abdaad95	common_voice_pa-IN_22952791.mp3	ਕਿਸੇ ਇੰਡੀਪੈਂਡੈਂਟ ਬਰੋਕਰ ਨਾਲ ਸਲਾਹ ਕਰੋ	2	0	twenties	male		pa-IN	
7f7409f3368911ccc8afdc92995c6b5c2f989c1a492c14b182159fb2c8cf93327378a5c076f72ee4594548c717c4e9c7ef091993a864511adf98c7a8abdaad95	common_voice_pa-IN_22952799.mp3	ਬੰਦਾ ਮੈਂ ਮੈਂ ਕਰਦਾ ਫਿਰਦਾ ਹੈ	2	0	twenties	male		pa-IN	
7f7409f3368911ccc8afdc92995c6b5c2f989c1a492c14b182159fb2c8cf93327378a5c076f72ee4594548c717c4e9c7ef091993a864511adf98c7a8abdaad95	common_voice_pa-IN_22952800.mp3	ਪੀੜਤ ਲੜਕਾ ਦੋਸ਼ੀ ਨੂੰ ਨਹੀਂ ਜਾਣਦਾ ਸੀ	2	0	twenties	male		pa-IN	
7f7409f3368911ccc8afdc92995c6b5c2f989c1a492c14b182159fb2c8cf93327378a5c076f72ee4594548c717c4e9c7ef091993a864511adf98c7a8abdaad95	common_voice_pa-IN_22952803.mp3	ਨਾਂਗ ਵਾਂਗ ਭੋਰਾਂ ਨਹੀਂ ਲਿਹਾਜ਼ ਕਰਦੀ	2	1	twenties	male		pa-IN	
7f7409f3368911ccc8afdc92995c6b5c2f989c1a492c14b182159fb2c8cf93327378a5c076f72ee4594548c717c4e9c7ef091993a864511adf98c7a8abdaad95	common_voice_pa-IN_22952805.mp3	ਅਜੇ ਵੀ ਸੰਭਲੋ ਵੇਲਾ ਬਚਾ ਲਓ	2	1	twenties	male		pa-IN	
7f7409f3368911ccc8afdc92995c6b5c2f989c1a492c14b182159fb2c8cf93327378a5c076f72ee4594548c717c4e9c7ef091993a864511adf98c7a8abdaad95	common_voice_pa-IN_22952818.mp3	ਊਠਾਂ ਬੈਲਾਂ ਦੀ ਸਵਾਰੀ ਨਾ ਬਿਜਲੀ ਦੀ ਚਿੰਤਾ	2	0	twenties	male		pa-IN	
7f7409f3368911ccc8afdc92995c6b5c2f989c1a492c14b182159fb2c8cf93327378a5c076f72ee4594548c717c4e9c7ef091993a864511adf98c7a8abdaad95	common_voice_pa-IN_22952820.mp3	ਜਾਣਦੀ ਹਾਂ ਜ਼ਿੰਦਗੀ ਚ ਕੀ ਹਾਸਲ ਕਰਨੈ	2	0	twenties	male		pa-IN	
7f7409f3368911ccc8afdc92995c6b5c2f989c1a492c14b182159fb2c8cf93327378a5c076f72ee4594548c717c4e9c7ef091993a864511adf98c7a8abdaad95	common_voice_pa-IN_22952821.mp3	ਮੈਂ ਉਸਦੇ ਸਿਰ ਤੇ ਹੱਥ ਫੇਰਿਆ ਅਤੇ ਕਿਹਾ ਰੋ ਨਾ	2	0	twenties	male		pa-IN	
7f7409f3368911ccc8afdc92995c6b5c2f989c1a492c14b182159fb2c8cf93327378a5c076f72ee4594548c717c4e9c7ef091993a864511adf98c7a8abdaad95	common_voice_pa-IN_22952826.mp3	ਉਹ ਬੋਲੀ ਜਾਂਦੇ ਮੈਂ ਲਿਖੀ ਜਾਂਦਾ	2	0	twenties	male		pa-IN	
7f7409f3368911ccc8afdc92995c6b5c2f989c1a492c14b182159fb2c8cf93327378a5c076f72ee4594548c717c4e9c7ef091993a864511adf98c7a8abdaad95	common_voice_pa-IN_22952834.mp3	ਰਾਤ ਦੇ ਹਨੇਰੇ ਵਿੱਚ ਭੱਜ ਨਿਕਲੇ	2	0	twenties	male		pa-IN	
7f7409f3368911ccc8afdc92995c6b5c2f989c1a492c14b182159fb2c8cf93327378a5c076f72ee4594548c717c4e9c7ef091993a864511adf98c7a8abdaad95	common_voice_pa-IN_22952837.mp3	ਬਹੁਤ ਵਿਰਲਿਆਂ ਦਾ ਨਸੀਬ ਹੁੰਦੀ ਏ ਇਕੱਲ	2	1	twenties	male		pa-IN	
7f7409f3368911ccc8afdc92995c6b5c2f989c1a492c14b182159fb2c8cf93327378a5c076f72ee4594548c717c4e9c7ef091993a864511adf98c7a8abdaad95	common_voice_pa-IN_22952842.mp3	ਇਸ ਨੈਤਿਕ ਜਿ਼ੰਮੇਵਾਰੀ ਸ਼ਬਦ ਦਾ ਮਤਲਬ ਕੀ ਹੈ	2	1	twenties	male		pa-IN	
7f7409f3368911ccc8afdc92995c6b5c2f989c1a492c14b182159fb2c8cf93327378a5c076f72ee4594548c717c4e9c7ef091993a864511adf98c7a8abdaad95	common_voice_pa-IN_22952844.mp3	ਗੁਰਾਂ ਵਲੋਂ ਦਿੱਤੇ ਰਾਹਾਂ ਉੱਪਰ ਚੱਲ ਕੇ	2	0	twenties	male		pa-IN	
7f7409f3368911ccc8afdc92995c6b5c2f989c1a492c14b182159fb2c8cf93327378a5c076f72ee4594548c717c4e9c7ef091993a864511adf98c7a8abdaad95	common_voice_pa-IN_22952845.mp3	ਮੁਜਰਮਾਂ ਨਾਲ ਮਿਲ ਕੇ ਸਰਦਾਰ ਬਣ ਜਾਵਾਂਗਾ	2	0	twenties	male		pa-IN	
7f7409f3368911ccc8afdc92995c6b5c2f989c1a492c14b182159fb2c8cf93327378a5c076f72ee4594548c717c4e9c7ef091993a864511adf98c7a8abdaad95	common_voice_pa-IN_22952846.mp3	ਤੁਸੀਂ ਮੇਰੀ ਤਨਖ਼ਾਹ ਤੋਂ ਕੀ ਲੈਣਾ ਹੈ	2	0	twenties	male		pa-IN	
7f7409f3368911ccc8afdc92995c6b5c2f989c1a492c14b182159fb2c8cf93327378a5c076f72ee4594548c717c4e9c7ef091993a864511adf98c7a8abdaad95	common_voice_pa-IN_22952847.mp3	ਅਭਿਆਸ ਨਾਲ ਲਿਖਾਈ ਸੁੰਦਰ ਬਣ ਸਕਦੀ ਹੈ	2	0	twenties	male		pa-IN	
7f7409f3368911ccc8afdc92995c6b5c2f989c1a492c14b182159fb2c8cf93327378a5c076f72ee4594548c717c4e9c7ef091993a864511adf98c7a8abdaad95	common_voice_pa-IN_22952849.mp3	ਹਰ ਪਾਸੇ ਹਰਿਆਲੀ ਹੀ ਹਰਿਆਲੀ ਹੈ	2	0	twenties	male		pa-IN	
7f7409f3368911ccc8afdc92995c6b5c2f989c1a492c14b182159fb2c8cf93327378a5c076f72ee4594548c717c4e9c7ef091993a864511adf98c7a8abdaad95	common_voice_pa-IN_22952850.mp3	ਵੋਟਾਂ ਦੀ ਗਿਣਤੀ ਮਾਰਚ ਨੂੰ ਹੋਵੇਗੀ	2	0	twenties	male		pa-IN	
7f7409f3368911ccc8afdc92995c6b5c2f989c1a492c14b182159fb2c8cf93327378a5c076f72ee4594548c717c4e9c7ef091993a864511adf98c7a8abdaad95	common_voice_pa-IN_22952854.mp3	ਜਿੱਤਾਂ ਦਾ ਸਿਲਸਿਲਾ ਨਿਰੰਤਰ ਜਾਰੀ ਰਿਹਾ	2	0	twenties	male		pa-IN	
7f7409f3368911ccc8afdc92995c6b5c2f989c1a492c14b182159fb2c8cf93327378a5c076f72ee4594548c717c4e9c7ef091993a864511adf98c7a8abdaad95	common_voice_pa-IN_22952856.mp3	ਨੀਂਹ ਕੌਮ ਦੀ ਪੱਕੀ ਕਰਨ ਖ਼ਾਤਰ	2	0	twenties	male		pa-IN	
7f7409f3368911ccc8afdc92995c6b5c2f989c1a492c14b182159fb2c8cf93327378a5c076f72ee4594548c717c4e9c7ef091993a864511adf98c7a8abdaad95	common_voice_pa-IN_22952858.mp3	ਕਿਸਾਨ ਟਰਾਲੀਆਂ ਭਰ ਕੇ ਪਹੁੰਚੀ ਜਾਂਦੇ ਸਨ	2	0	twenties	male		pa-IN	
7f7409f3368911ccc8afdc92995c6b5c2f989c1a492c14b182159fb2c8cf93327378a5c076f72ee4594548c717c4e9c7ef091993a864511adf98c7a8abdaad95	common_voice_pa-IN_22952859.mp3	ਘਰ ਦਾ ਬਣਿਆ ਭੋਜਨ ਹੀ ਖਾਓ	2	0	twenties	male		pa-IN	
7f7409f3368911ccc8afdc92995c6b5c2f989c1a492c14b182159fb2c8cf93327378a5c076f72ee4594548c717c4e9c7ef091993a864511adf98c7a8abdaad95	common_voice_pa-IN_22952860.mp3	ਹਮ ਜਹਾਂ ਹੈਂ ਵਹਾਂ ਤਹਿਜ਼ੀਬ ਨਹੀਂ ਪਲ਼ ਸਕਤੀ	2	0	twenties	male		pa-IN	
7f7409f3368911ccc8afdc92995c6b5c2f989c1a492c14b182159fb2c8cf93327378a5c076f72ee4594548c717c4e9c7ef091993a864511adf98c7a8abdaad95	common_voice_pa-IN_22952861.mp3	ਡਾਕਟਰ ਦਾ ਜਵਾਬ ਸੀ ਕਿਉਂਕਿ ਲੋਕ ਬਹੁਤ ਸਾਫ ਸੁਥਰੇ ਵਾਤਾਵਰਣ ਵਿਚ ਰਹਿੰਦੇ ਹਨ	2	0	twenties	male		pa-IN	
7f7409f3368911ccc8afdc92995c6b5c2f989c1a492c14b182159fb2c8cf93327378a5c076f72ee4594548c717c4e9c7ef091993a864511adf98c7a8abdaad95	common_voice_pa-IN_22952866.mp3	ਇਨ੍ਹਾਂ ਨੂੰ ਇਨਾਮ ਦਿੱਤੇ ਜਾਂਦੇ ਹਨ	2	0	twenties	male		pa-IN	
7f7409f3368911ccc8afdc92995c6b5c2f989c1a492c14b182159fb2c8cf93327378a5c076f72ee4594548c717c4e9c7ef091993a864511adf98c7a8abdaad95	common_voice_pa-IN_22952867.mp3	ਸਰੀਰ ਅੰਦਰ ਪਸੀਨਾ ਇਕੱਠਾ ਹੁੰਦਾ ਰਹਿੰਦਾ ਹੈ	2	0	twenties	male		pa-IN	
7f7409f3368911ccc8afdc92995c6b5c2f989c1a492c14b182159fb2c8cf93327378a5c076f72ee4594548c717c4e9c7ef091993a864511adf98c7a8abdaad95	common_voice_pa-IN_22952869.mp3	ਜ਼ਿਕਰਯੋਗ ਹੈ ਕਿ ਭਾਈ ਰਾਜੋਆਣਾ ਸੰਘਰਸ਼ ਕਮੇਟੀ ਵੱਲੋਂ ਰਾਜੋਆਣਾ ਦੀ ਫਾਂਸੀ ਦੇ	2	0	twenties	male		pa-IN	
7f7409f3368911ccc8afdc92995c6b5c2f989c1a492c14b182159fb2c8cf93327378a5c076f72ee4594548c717c4e9c7ef091993a864511adf98c7a8abdaad95	common_voice_pa-IN_22952871.mp3	ਗਲਿਸਰੀਨ ਅਤੇ ਹਯਾਲੂਰੋਨਿਕ ਐਸਿਡ ਬਹੁਤ ਵਧੀਆ ਰਹਿੰਦੇ ਹਨ	2	0	twenties	male		pa-IN	
7f7409f3368911ccc8afdc92995c6b5c2f989c1a492c14b182159fb2c8cf93327378a5c076f72ee4594548c717c4e9c7ef091993a864511adf98c7a8abdaad95	common_voice_pa-IN_22952874.mp3	ਉਹ ਸਖ਼ਸ਼ੀਅਤ ਹੈ ਫਿਲਮ ਅਦਾਕਾਰਾ ਦਿਵਿਆ ਦੱਤਾ	2	0	twenties	male		pa-IN	
7f7409f3368911ccc8afdc92995c6b5c2f989c1a492c14b182159fb2c8cf93327378a5c076f72ee4594548c717c4e9c7ef091993a864511adf98c7a8abdaad95	common_voice_pa-IN_22952876.mp3	ਏਨਾ ਫ਼ਿਕਰਮੰਦ ਹੈ ਉਹ ਸਾਡੇ ਲਈ	2	0	twenties	male		pa-IN	
7f7409f3368911ccc8afdc92995c6b5c2f989c1a492c14b182159fb2c8cf93327378a5c076f72ee4594548c717c4e9c7ef091993a864511adf98c7a8abdaad95	common_voice_pa-IN_22952880.mp3	ਪਰ ਉਹ ਗੱਲਾਂ ਮਕਾਨਕੀ ਕਿਸਮ ਦੀਆਂ ਹੀ ਹੁੰਦੀਆਂ	2	0	twenties	male		pa-IN	
7f7409f3368911ccc8afdc92995c6b5c2f989c1a492c14b182159fb2c8cf93327378a5c076f72ee4594548c717c4e9c7ef091993a864511adf98c7a8abdaad95	common_voice_pa-IN_22952882.mp3	ਹਰ ਪਰਿਵਾਰ ਵਾਸਤੇ ਇਹ ਅਲੱਗ ਅਲੱਗ ਹੋਵੇਗੀ	2	0	twenties	male		pa-IN	
7f7409f3368911ccc8afdc92995c6b5c2f989c1a492c14b182159fb2c8cf93327378a5c076f72ee4594548c717c4e9c7ef091993a864511adf98c7a8abdaad95	common_voice_pa-IN_22953657.mp3	ਸੱਚ ਦਾ ਚਿਰਾਗ ਜੀਹਦੇ ਮੱਥੇ ਵਿੱਚ ਜਗਦਾ	2	1	twenties	male		pa-IN	
7f7409f3368911ccc8afdc92995c6b5c2f989c1a492c14b182159fb2c8cf93327378a5c076f72ee4594548c717c4e9c7ef091993a864511adf98c7a8abdaad95	common_voice_pa-IN_22953683.mp3	ਆਪਣੀ ਬੱਣਾਈ ਵਿਬ ਸਾਈਟ ਤੇ ਆਪਣੇ ਹੀ ਆਰਟੀਕਲ ਲਿਖ ਕੇ ਵੀ ਲਗਾਉਂਦੀ	2	1	twenties	male		pa-IN	
7f7409f3368911ccc8afdc92995c6b5c2f989c1a492c14b182159fb2c8cf93327378a5c076f72ee4594548c717c4e9c7ef091993a864511adf98c7a8abdaad95	common_voice_pa-IN_22953693.mp3	ਇਸ ਤਰ੍ਹਾਂ ਵਕਤ ਠੁਮਕ ਠੁਮਕ ਪੱਬ ਧਰਦਾ ਗਿਆ ਸੀ	2	0	twenties	male		pa-IN	
7f7409f3368911ccc8afdc92995c6b5c2f989c1a492c14b182159fb2c8cf93327378a5c076f72ee4594548c717c4e9c7ef091993a864511adf98c7a8abdaad95	common_voice_pa-IN_22953702.mp3	ਨੀਚਾ ਅੰਦਰਿ ਨੀਚ ਜਾਤਿ ਨੀਚੀ ਹੂ ਅਤਿ ਨੀਚੁ	2	0	twenties	male		pa-IN	
7f7409f3368911ccc8afdc92995c6b5c2f989c1a492c14b182159fb2c8cf93327378a5c076f72ee4594548c717c4e9c7ef091993a864511adf98c7a8abdaad95	common_voice_pa-IN_22953705.mp3	ਕਿਉਂ ਲੋਹਾ ਬਣ ਕੇ ਰਹਿ ਚੱਲਿਆ	2	0	twenties	male		pa-IN	
7f7409f3368911ccc8afdc92995c6b5c2f989c1a492c14b182159fb2c8cf93327378a5c076f72ee4594548c717c4e9c7ef091993a864511adf98c7a8abdaad95	common_voice_pa-IN_22953708.mp3	ਹੱਥ ਉਪਰ ਕਰਕੇ ਅੱਲਾ ਤੋਂ ਖੈਰ ਮੰਗਦਾ	2	0	twenties	male		pa-IN	
7f7409f3368911ccc8afdc92995c6b5c2f989c1a492c14b182159fb2c8cf93327378a5c076f72ee4594548c717c4e9c7ef091993a864511adf98c7a8abdaad95	common_voice_pa-IN_22953715.mp3	ਆਪਣਾ ਲੈਟਰ ਪੈਡ ਬਣਾਇਆ ਜਾ ਸਕਦਾ ਹੈ	2	0	twenties	male		pa-IN	
7f7409f3368911ccc8afdc92995c6b5c2f989c1a492c14b182159fb2c8cf93327378a5c076f72ee4594548c717c4e9c7ef091993a864511adf98c7a8abdaad95	common_voice_pa-IN_22953717.mp3	ਸਤਿਗੁਰ ਸਤਿਗੁਰ ਜਿਹੜਾ ਕਰਦਾ ਜੀ ਸੋ ਜਾਣੋ ਅਨਡੋਲਾ	2	1	twenties	male		pa-IN	
7f7409f3368911ccc8afdc92995c6b5c2f989c1a492c14b182159fb2c8cf93327378a5c076f72ee4594548c717c4e9c7ef091993a864511adf98c7a8abdaad95	common_voice_pa-IN_22953722.mp3	ਟਾਈਮ ਅਗੇ ਪਿੱਛੇ ਨਹੀਂ ਕੀਤਾ ਗਿਆ	2	0	twenties	male		pa-IN	
7f7409f3368911ccc8afdc92995c6b5c2f989c1a492c14b182159fb2c8cf93327378a5c076f72ee4594548c717c4e9c7ef091993a864511adf98c7a8abdaad95	common_voice_pa-IN_22953725.mp3	ਸਰਕਾਰੀ ਸਕੂਲਾਂ ਕਾਲਜਾਂ ਦੇ ਨਾਲ ਨਾਲ ਪ੍ਰਾਈਵੇਟ ਸਿੱਖਿਆ	2	0	twenties	male		pa-IN	
7f7409f3368911ccc8afdc92995c6b5c2f989c1a492c14b182159fb2c8cf93327378a5c076f72ee4594548c717c4e9c7ef091993a864511adf98c7a8abdaad95	common_voice_pa-IN_22953726.mp3	ਲੰਮੀ ਉਮਰ ਦੀਆਂ ਦੁਆਵਾਂ ਉਸਦੀ ਚਾਹਨਾ	2	0	twenties	male		pa-IN	
7f7409f3368911ccc8afdc92995c6b5c2f989c1a492c14b182159fb2c8cf93327378a5c076f72ee4594548c717c4e9c7ef091993a864511adf98c7a8abdaad95	common_voice_pa-IN_22953733.mp3	ਪੈਸੇ ਦੀ ਖ਼ਾਤਰ ਢਾਹੁੰਦੇ ਮੈਂ ਦਰਗਾਹ ਵੇਖੇ	2	1	twenties	male		pa-IN	
7f7409f3368911ccc8afdc92995c6b5c2f989c1a492c14b182159fb2c8cf93327378a5c076f72ee4594548c717c4e9c7ef091993a864511adf98c7a8abdaad95	common_voice_pa-IN_22953734.mp3	ਖੁਸ਼ ਰਹੋ ਜਿਸ ਦੇ ਕਿ ਤੁਸੀਂ ਹੱਕਦਾਰ ਹੋ	2	0	twenties	male		pa-IN	
7f7409f3368911ccc8afdc92995c6b5c2f989c1a492c14b182159fb2c8cf93327378a5c076f72ee4594548c717c4e9c7ef091993a864511adf98c7a8abdaad95	common_voice_pa-IN_22953737.mp3	ਅਦਾਲਤ ਵਿੱਚ ਉਨ੍ਹਾਂ ਦੀ ਸੁਣਵਾਈ ਨਹੀਂ	2	0	twenties	male		pa-IN	
7f7409f3368911ccc8afdc92995c6b5c2f989c1a492c14b182159fb2c8cf93327378a5c076f72ee4594548c717c4e9c7ef091993a864511adf98c7a8abdaad95	common_voice_pa-IN_22953744.mp3	ਅਗਲੀ ਕਿਸ਼ਤ ਅਸੁਰੱਖਿਅਤ ਸਰਹੱਦ ਦੀ ਪੌਰਾਣਿਕ ਕਥਾ	2	1	twenties	male		pa-IN	
7f7409f3368911ccc8afdc92995c6b5c2f989c1a492c14b182159fb2c8cf93327378a5c076f72ee4594548c717c4e9c7ef091993a864511adf98c7a8abdaad95	common_voice_pa-IN_22953745.mp3	ਕਈ ਲੋਕ ਬਾਹਰ ਹਨੇਰੇ ਵਿਚ ਬੈਠੇ ਸਨ	2	0	twenties	male		pa-IN	
7f7409f3368911ccc8afdc92995c6b5c2f989c1a492c14b182159fb2c8cf93327378a5c076f72ee4594548c717c4e9c7ef091993a864511adf98c7a8abdaad95	common_voice_pa-IN_22953755.mp3	ਦਿਲ ਦਿਮਾਗ ਚ ਡੂੰਘੀ ਤਰ੍ਹਾਂ ਵਸ ਜਾਂਦੀ ਹੈ	2	0	twenties	male		pa-IN	
7f7409f3368911ccc8afdc92995c6b5c2f989c1a492c14b182159fb2c8cf93327378a5c076f72ee4594548c717c4e9c7ef091993a864511adf98c7a8abdaad95	common_voice_pa-IN_22953758.mp3	ਉਦੋਂ ਡਾਂਗਾਂ ਦੀਆਂ ਲੜਾਈਆਂ ਹੁੰਦੀਆਂ ਸਨ	2	0	twenties	male		pa-IN	
7f7409f3368911ccc8afdc92995c6b5c2f989c1a492c14b182159fb2c8cf93327378a5c076f72ee4594548c717c4e9c7ef091993a864511adf98c7a8abdaad95	common_voice_pa-IN_22953760.mp3	ਵਧੇਰੇ ਜਾਣਕਾਰੀ ਲਈ ਫੋਨ ਨੰ ਜਾਂ ਈਮੇਲ	2	0	twenties	male		pa-IN	
7f7409f3368911ccc8afdc92995c6b5c2f989c1a492c14b182159fb2c8cf93327378a5c076f72ee4594548c717c4e9c7ef091993a864511adf98c7a8abdaad95	common_voice_pa-IN_22953761.mp3	ਪਰੰਤੂ ਇਸ ਵਾਰ ਇੰਨਾ ਰੌਲਾ ਨਹੀਂ ਪਿਆ	2	0	twenties	male		pa-IN	
7f7409f3368911ccc8afdc92995c6b5c2f989c1a492c14b182159fb2c8cf93327378a5c076f72ee4594548c717c4e9c7ef091993a864511adf98c7a8abdaad95	common_voice_pa-IN_22953763.mp3	ਮੈਂ ਅੰਤਰੀਵ ਵਿਚ ਝਾਤੀ ਮਾਰਨ ਦਾ ਸਬੱਬ	2	0	twenties	male		pa-IN	
7f7409f3368911ccc8afdc92995c6b5c2f989c1a492c14b182159fb2c8cf93327378a5c076f72ee4594548c717c4e9c7ef091993a864511adf98c7a8abdaad95	common_voice_pa-IN_22953764.mp3	ਇਹ ਸਾਡੇ ਪਿੰਡ ਦਾ ਹੀ ਸੀ	2	0	twenties	male		pa-IN	
7f7409f3368911ccc8afdc92995c6b5c2f989c1a492c14b182159fb2c8cf93327378a5c076f72ee4594548c717c4e9c7ef091993a864511adf98c7a8abdaad95	common_voice_pa-IN_22953770.mp3	ਇਸ ਪਾਸੇ ਵਧੇਰੇ ਕੰਮ ਕਰਨ ਦੀ ਲੋੜ ਹੈ	2	0	twenties	male		pa-IN	
7f7409f3368911ccc8afdc92995c6b5c2f989c1a492c14b182159fb2c8cf93327378a5c076f72ee4594548c717c4e9c7ef091993a864511adf98c7a8abdaad95	common_voice_pa-IN_22953776.mp3	ਕੋਈ ਪੂਲ ਖੇਡਣ ਵਿੱਚ ਮਸਤ ਸੀ	2	0	twenties	male		pa-IN	
7f7409f3368911ccc8afdc92995c6b5c2f989c1a492c14b182159fb2c8cf93327378a5c076f72ee4594548c717c4e9c7ef091993a864511adf98c7a8abdaad95	common_voice_pa-IN_22953778.mp3	ਮਾਸ ਦੀ ਨਸਲ ਤਾ ਇੱਕ ਹੈ	2	0	twenties	male		pa-IN	
7f7409f3368911ccc8afdc92995c6b5c2f989c1a492c14b182159fb2c8cf93327378a5c076f72ee4594548c717c4e9c7ef091993a864511adf98c7a8abdaad95	common_voice_pa-IN_22953781.mp3	ਵਿਦਿਆਰਥੀਆਂ ਨੂੰ ਲੈਪਟਾਪ ਕਦੋਂ ਤੱਕ ਮਿਲ ਜਾਣਗੇ	2	0	twenties	male		pa-IN	
7f7409f3368911ccc8afdc92995c6b5c2f989c1a492c14b182159fb2c8cf93327378a5c076f72ee4594548c717c4e9c7ef091993a864511adf98c7a8abdaad95	common_voice_pa-IN_22953782.mp3	ਬਿਲਕੁਲ ਨਹੀ ਨਿਕਲਦੀ ਪਰ ਮੈ ਕਿਆਰਾ ਮੋੜ ਆਵਾਂ	2	0	twenties	male		pa-IN	
7f7409f3368911ccc8afdc92995c6b5c2f989c1a492c14b182159fb2c8cf93327378a5c076f72ee4594548c717c4e9c7ef091993a864511adf98c7a8abdaad95	common_voice_pa-IN_22953784.mp3	ਅਰਥ ਸ਼ਬਦਾਂ ਨਾਲ ਰੁਸ ਜਾਂਦੇ ਰਹੇ	2	0	twenties	male		pa-IN	
